year,address,street_number,half_address,unit,listing,listings_at_address_that_year,caps_business_style,title_suffix,org_word,trade_words,resident_r_flag,parenthetical_bldg_name,is_vacant,is_bldg_header,unit_only_phone,phone,notes,use_type,business_desc,business_bucket,class_confidence,class_basis,lot,lot_land_use
1927,1400,1400,,,Jackson Pharmacy,1,,,,pharm,,,,,,MU 0815,,Business,pharmacy / drugstore,Health & medical,high,trade/name keyword,1400,Commercial
1956,1400,1400,,,Gina's Mkt grocrs,1,,,Y,"groc,mkt",,,,,,MU 1988,,Business,grocery / market,Food stores,high,trade/name keyword,1400,Commercial
1960,1400,1400,,,Gina's Mkt grocrs,1,,,Y,"groc,mkt",,,,,,MA 8-1988,,Business,grocery / market,Food stores,high,trade/name keyword,1400,Commercial
1964,1400,1400,,,GINAS MARKET,1,,,,market,,,,,,MA8-1988,,Business,grocery / market,Food stores,high,trade/name keyword,1400,Commercial
1965,1400,1400,,,GINAS MARKET,1,,,,market,,,,,,MA8-1988,,Business,grocery / market,Food stores,high,trade/name keyword,1400,Commercial
1968,1400,1400,,,ALS MARKET GROCERIES,1,,,,"grocer,market",,,,,,628-1988,,Business,grocery / market,Food stores,high,trade/name keyword,1400,Commercial
1973,1400,1400,,,Lim's Bros Market,1,,,Y,market,,,,,,628-5801,,Business,grocery / market,Food stores,high,trade/name keyword,1400,Commercial
1987,1400,1400,,,BUDDY'S FAST FOODS,1,Y,,Y,food,,,,,,250-1339,,Business,restaurant / cafe,Restaurants & bars,high,trade/name keyword,1400,Commercial
1956,1402,1402,,,Margarette's Clnrs,1,,,Y,clnrs,,,,,,MU 3664,,Business,laundry / dry cleaner,Personal services,high,trade/name keyword,1402,Commercial
1960,1402,1402,,,Polychrome Corp,1,,,Y,,,,,,,MA 8-5341,,Business,unidentified business (name only),Unidentified business,low,"corporation, trade not stated",1402,Commercial
1964,1402,1402,,,POLYCHROME CORP,1,,,Y,,,,,,,MA8-5341,,Business,unidentified business (name only),Unidentified business,low,"corporation, trade not stated",1402,Commercial
1965,1402,1402,,,POLYCHROME CORP,1,,,Y,,,,,,,MA8-5341,,Business,unidentified business (name only),Unidentified business,low,"corporation, trade not stated",1402,Commercial
1968,1402,1402,,,DAAD CO THE-LIGHTING,1,,,Y,,,,,,,629-2008,,Business,lighting fixtures,"Home furnishings, hardware & appliances",high,trade/name keyword,1402,Commercial
1973,1402,1402,,,Daad Co The,1,,,Y,,,,,,,629-2008,,Business,lighting fixtures,"Home furnishings, hardware & appliances",high,trade/name keyword,1402,Commercial
1987,1402,1402,,,EL ESPANOL INTERNATL,1,Y,,,,,,,,,482-9001,,Business,unidentified business (name only),Unidentified business,low,name only,1402,Commercial
1927,1406,1406,,,Rose Mme,1,,,,,,,,,,FA 2071,,Business,"unidentified (listing style suggests a proprietor, e.g. dressmaker)",Unidentified business,low,'Mme' listed like a trade name,1406,Commercial
1956,1406,1406,,,Shade L B rl est,1,,,,"rl est,shade",,,,,,MA 9-2066,,Business,real estate / property,"Finance, insurance & real estate",high,trade/name keyword,1406,Commercial
1960,1406,1406,,,Shade L B,1,,,,shade,,,,,,MA 4-5358,,Business,real estate / property,"Finance, insurance & real estate",medium,"1956 'Shade L B rl est', same address",1406,Commercial
1964,1406,1406,,,MISHY SOLOMON E,1,,,,,,,,,,MA6-3926,,Residential,,,low,1964-68 printouts often drop trades; bare name with no other evidence,1406,Residential – single-family
1965,1406,1406,,,MISHY SOLOMON E,1,,,,,,,,,,MA6-3926,,Residential,,,low,1964-68 printouts often drop trades; bare name with no other evidence,1406,Residential – single-family
1968,1406,1406,,,MISHY SOLOMON E,1,,,,,,,,,,626-3926,,Residential,,,low,1964-68 printouts often drop trades; bare name with no other evidence,1406,Residential – single-family
1906,1407,1407,,,Reavis Miss N E,1,,Miss,,,,,,,,,,Residential,,,medium,bare name; this directory adds a trade for businesses,1407,Residential – single-family
1927,1407,1407,,,Reavis Cora A,1,,,,,,,,,,MU 1020,,Residential,,,medium,bare name; this directory adds a trade for businesses,1407,Residential – single-family
1968,1408,1408,,,IBARRA R,1,,,,,,,,,,628-2782,,Residential,,,low,1964-68 printouts often drop trades; bare name with no other evidence,1408,Residential – single-family
1973,1410,1410,,,Internatl Geneva Assn,1,,,Y,,,,,,,625-8397,,Institutional,Geneva Association (hospitality workers' society),Institutional & civic,high,trade/name keyword,1410,Institutional
1987,1410,1410,,#1,Jiminez Miguel,4,N,,,,,,,,,250-2512,,Residential,,,high,listed by unit number,1410,Residential – multifamily
1987,1410,1410,,#2,Jimenez Edelmira,4,N,,,,,,,,,482-3311,,Residential,,,high,listed by unit number,1410,Residential – multifamily
1987,1410,1410,,#8,Urena Arnulfo C,4,N,,,,,,,,,250-2504,,Residential,,,high,listed by unit number,1410,Residential – multifamily
1987,1410,1410,,#9,Camarena Maria,4,N,,,,,,,,,481-8364,,Residential,,,high,listed by unit number,1410,Residential – multifamily
1927,1412,1412,,,Rouseland Apts,3,,,,,,,,,,MU 9947,,Apartment building,,,high,building name or APARTMENT heading,1412,Residential – multifamily
1927,1412,1412,,,Martin Elsie G,3,,,,,,,,,,MU 1867,,Residential,,,medium,bare name; this directory adds a trade for businesses,1412,Residential – multifamily
1927,1412,1412,,,Williams L Mrs,3,,Mrs,,,,,,,,MU 7475,,Residential,,,medium,bare name; this directory adds a trade for businesses,1412,Residential – multifamily
1956,1412,1412,,Apt 11,Staples Neva Mrs,5,,Mrs,,,,,,,,MU 6595,,Residential,,,high,listed by unit number,1412,Residential – multifamily
1956,1412,1412,,Apt 12,Johnston T E Mrs,5,,Mrs,,,,,,,,MA 5-1880,,Residential,,,high,listed by unit number,1412,Residential – multifamily
1956,1412,1412,,Apt 15,Gallegos Vicki,5,,,,,,,,,,MI 8335,,Residential,,,high,listed by unit number,1412,Residential – multifamily
1956,1412,1412,,Apt 20,Thurston Duane,5,,,,,,,,,,MI 5626,,Residential,,,high,listed by unit number,1412,Residential – multifamily
1956,1412,1412,,Apt 21,Crane Anne Mrs,5,,Mrs,,,,,,,,MI 3627,,Residential,,,high,listed by unit number,1412,Residential – multifamily
1960,1412,1412,,Apt 11,Marley Cora,4,,,,,,,,,,MA 9-3853,,Residential,,,high,listed by unit number,1412,Residential – multifamily
1960,1412,1412,,Apt 12,Johnston T E Mrs,4,,Mrs,,,,,,,,MA 5-1880,,Residential,,,high,listed by unit number,1412,Residential – multifamily
1960,1412,1412,,Apt 14,Davis Alice L,4,,,,,,,,,,MA 6-4993,,Residential,,,high,listed by unit number,1412,Residential – multifamily
1960,1412,1412,,Apt 21,O'Connell Lillian M,4,,,,,,,,,,MA 8-8060,,Residential,,,high,listed by unit number,1412,Residential – multifamily
1964,1412,1412,,#11,AALTO HELMI,7,,,,,,,,,,626-8087,,Residential,,,high,listed by unit number,1412,Residential – multifamily
1964,1412,1412,,#12,JOHNSTON GLADYS,7,,,,,,,,,,MA3-6419,,Residential,,,high,listed by unit number,1412,Residential – multifamily
1964,1412,1412,,#14,DALE ARABELLA,7,,,,,,,,,,MA6-0859,,Residential,,,high,listed by unit number,1412,Residential – multifamily
1964,1412,1412,,#15,MANNING JAS,7,,,,,,,,,,MA8-3895,,Residential,,,high,listed by unit number,1412,Residential – multifamily
1964,1412,1412,,#22,ARANDA VIRGINIA,7,,,,,,,,,,628-5579,,Residential,,,high,listed by unit number,1412,Residential – multifamily
1964,1412,1412,,#25,WEINSTEIN B,7,,,,,,,,,,625-3190,,Residential,,,high,listed by unit number,1412,Residential – multifamily
1964,1412,1412,,#28,RICHARDSON SARAH E,7,,,,,,,,,,625-3800,,Residential,,,high,listed by unit number,1412,Residential – multifamily
1965,1412,1412,,#11,AALTO HELMI,4,,,,,,,,,,626-8087,,Residential,,,high,listed by unit number,1412,Residential – multifamily
1965,1412,1412,,#12,JOHNSTON G C REV,4,,Rev,,,,,,,,623-6419,,Residential,,,high,listed by unit number,1412,Residential – multifamily
1965,1412,1412,,#25,WEINSTEIN B,4,,,,,,,,,,625-3190,,Residential,,,high,listed by unit number,1412,Residential – multifamily
1965,1412,1412,,#28,SCHOTANUS M,4,,,,,,,,,,628-9546,,Residential,,,high,listed by unit number,1412,Residential – multifamily
1968,1412,1412,,#11,AALTO HELMI,6,,,,,,,,,,626-8087,,Residential,,,high,listed by unit number,1412,Residential – multifamily
1968,1412,1412,,#12,JOHNSTON G C REV,6,,Rev,,,,,,,,623-6419,,Residential,,,high,listed by unit number,1412,Residential – multifamily
1968,1412,1412,,#14,GOMEZ I G,6,,,,,,,,,,629-8391,,Residential,,,high,listed by unit number,1412,Residential – multifamily
1968,1412,1412,,#20,OTEY H,6,,,,,,,,,,624-4690,,Residential,,,high,listed by unit number,1412,Residential – multifamily
1968,1412,1412,,#27,ZAMUDIE D,6,,,,,,,,,,625-3119,,Residential,,,high,listed by unit number,1412,Residential – multifamily
1968,1412,1412,,#28,SCHOTANUS M,6,,,,,,,,,,628-9546,,Residential,,,high,listed by unit number,1412,Residential – multifamily
1973,1412,1412,,#12,Johnston Gladys C Rev,1,,Rev,,,,,,,,623-6419,,Residential,,,high,listed by unit number,1412,Residential – multifamily
1987,1412,1412,,,LONDON HAIR DESIGN,2,Y,,,hair,,,,,,250-7724,,Business,beauty salon,Personal services,high,trade/name keyword,1412,Mixed-use
1987,1412,1412,,,Lo Dara,2,N,,,,,,,,,482-8272,,Residential,,,high,1987 sets residents in mixed case,1412,Mixed-use
1960,1414,1414,,,Helen's Natural Fruit Confectionery,2,,,Y,confection,,,,,,MA 9-1084,,Business,ice cream / candy shop,Food stores,high,trade/name keyword,1414,Commercial
1960,1414,1414,,,Petrulli Helen Helen's Natural Fruit Confectionery,2,,,Y,confection,,,,,,MA 9-1084,,Business,ice cream / candy shop,Food stores,high,trade/name keyword,1414,Commercial
1964,1414,1414,,,HELENS CONFECTIONARY,1,,,,confection,,,,,,MA9-1084,,Business,ice cream / candy shop,Food stores,high,trade/name keyword,1414,Commercial
1965,1414,1414,,,HELENS CONFECTIONARY,1,,,,confection,,,,,,MA9-1084,,Business,ice cream / candy shop,Food stores,high,trade/name keyword,1414,Commercial
1968,1414,1414,,,HELENS CONFECTIONARY,1,,,,confection,,,,,,629-1084,,Business,ice cream / candy shop,Food stores,high,trade/name keyword,1414,Commercial
1906,1416,1416,,,Milligan G R E,2,,,,,,,,,,,,Residential,,,medium,bare name; this directory adds a trade for businesses,1416,Residential – single-family
1906,1416,1416,,,Rice M E,2,,,,,,,,,,,,Residential,,,medium,bare name; this directory adds a trade for businesses,1416,Residential – single-family
1927,1416,1416,,,McBride John H,1,,,,,,,,,,ME 3285,,Residential,,,medium,bare name; this directory adds a trade for businesses,1416,Residential – single-family
1987,1416,1416,,,UNION EASTERN TIRE CO,1,Y,,Y,tire,,,,,,250-1802,,Business,tire shop,Auto sales & service,high,trade/name keyword,1416,Commercial
1906,1417,1417,,,Peebles C L,1,,,,,,,,,,,,Residential,,,medium,bare name; this directory adds a trade for businesses,1417,Residential – single-family
1956,1420,1420,,,Col-R-Set Products Co ink compnd,1,,,Y,,,,,,,MU 7870,if no ans call DU 3-6010,Business,manufacturing / manufacturers' agent,"Light industrial, trades & wholesale",high,trade/name keyword,1420,Commercial
1960,1420,1420,,,Quinn Alfred Price,1,,,,,,,,,,MA 2-4912,,Residential,,,medium,bare name; this directory usually adds a trade for businesses,1420,Residential – single-family
1964,1421,1421,,#206,LATHAN A B JR,2,,Jr,,,,,,,,626-7318,,Residential,,,high,listed by unit number,1421,Residential – multifamily
1964,1421,1421,,#210,CARR JAS,2,,,,,,,,,,MA8-3554,,Residential,,,high,listed by unit number,1421,Residential – multifamily
1965,1421,1421,,#210,CARR JAS,1,,,,,,,,,,MA8-3554,,Residential,,,high,listed by unit number,1421,Residential – multifamily
1968,1421,1421,,#206,LUKAC A,2,,,,,,,,,,628-4668,,Residential,,,high,listed by unit number,1421,Residential – multifamily
1968,1421,1421,,#210,CARR JAS,2,,,,,,,,,,628-3554,,Residential,,,high,listed by unit number,1421,Residential – multifamily
1973,1421,1421,,#210,Carr Jas,1,,,,,,,,,,628-3554,,Residential,,,high,listed by unit number,1421,Residential – multifamily
1987,1421,1421,,#201,Rodriguez Ignacia,3,N,,,,,,,,,250-3478,,Residential,,,high,listed by unit number,1421,Residential – multifamily
1987,1421,1421,,#206,Nunez Consuelo,3,N,,,,,,,,,250-0819,,Residential,,,high,listed by unit number,1421,Residential – multifamily
1987,1421,1421,,#210,Carr Jas,3,N,,,,,,,,,250-4166,,Residential,,,high,listed by unit number,1421,Residential – multifamily
1964,1422,1422,,,LOUIS CHERPIN WINERY,1,,,,winery,,,,,,MA4-3592,,Business,winery / wine shop,Food stores,high,trade/name keyword,1422,Commercial
1965,1422,1422,,,LOUIS CHERPIN WINERY,1,,,,winery,,,,,,MA4-3592,,Business,winery / wine shop,Food stores,high,trade/name keyword,1422,Commercial
1968,1422,1422,,,LOUIS CHERPIN WINERY,1,,,,winery,,,,,,624-3592,,Business,winery / wine shop,Food stores,high,trade/name keyword,1422,Commercial
1973,1422,1422,,,Louis Cherpin Winery,1,,,,winery,,,,,,624-3592,,Business,winery / wine shop,Food stores,high,trade/name keyword,1422,Commercial
1987,1422,1422,,,WING LEE SHRIMP CO,1,Y,,Y,,,,,,,250-4504,,Business,meat / seafood market,Food stores,high,trade/name keyword,1422,Commercial
1956,1425,1425,,Apt 201,Lewis Robt M,4,,,,,,,,,,MA 6-5976,,Residential,,,high,listed by unit number,1425,Residential – multifamily
1956,1425,1425,,Apt 205,Turner Alex,4,,,,,,,,,,MI 6804,,Residential,,,high,listed by unit number,1425,Residential – multifamily
1956,1425,1425,,Apt 206,Moore Charlie Mrs,4,,Mrs,,,,,,,,MU 6658,,Residential,,,high,listed by unit number,1425,Residential – multifamily
1956,1425,1425,,Apt 208,Hurd Theo,4,,,,,,,,,,MA 6-9406,,Residential,,,high,listed by unit number,1425,Residential – multifamily
1964,1425,1425,,,[APARTMENT – no units listed],1,,,,,,,,Y,,,,Apartment building,,,high,APARTMENT heading,1425,Residential – multifamily
1927,1426,1426,,,Hetherington Helen,1,,,,,,,,,,MU 5568,,Residential,,,medium,bare name; this directory adds a trade for businesses,1426,Residential – single-family
1956,1426,1426,,,Relich Victor,1,,,,,,,,,,MA 5-2009,,Residential,,,medium,bare name; this directory usually adds a trade for businesses,1426,Residential – single-family
1960,1426,1426,,,Snodgrass Anna,1,,,,,,,,,,MA 4-2908,,Residential,,,medium,bare name; this directory usually adds a trade for businesses,1426,Residential – single-family
1964,1426,1426,,,RENICK APARTMNT HSE,1,,,,,,,,,,MA5-8359,,Apartment building,,,high,building name or APARTMENT heading,1426,Residential – multifamily
1965,1426,1426,,,RENICK APARTMNT HSE,1,,,,,,,,,,MA5-8359,,Apartment building,,,high,building name or APARTMENT heading,1426,Residential – multifamily
1968,1426,1426,,,RENICK APARTMNT HSE,1,,,,,,,,,,625-8359,,Apartment building,,,high,building name or APARTMENT heading,1426,Residential – multifamily
1973,1426,1426,,,Renick Apartment House,1,,,,,,,,,,625-8359,,Apartment building,,,high,building name or APARTMENT heading,1426,Residential – multifamily
1964,1426½,1426,Y,,ACLES DOROTHY,1,,,,,,,,,,MA8-7656,,Residential,,,low,1964-68 printouts often drop trades; bare name with no other evidence,1426,Residential – multifamily
1965,1426½,1426,Y,,ACLES DOROTHY,1,,,,,,,,,,MA8-7656,,Residential,,,low,1964-68 printouts often drop trades; bare name with no other evidence,1426,Residential – multifamily
1968,1426½,1426,Y,,TRULLO M R,1,,,,,,,,,,628-8764,,Residential,,,low,1964-68 printouts often drop trades; bare name with no other evidence,1426,Residential – multifamily
1956,1427,1427,,,Sunset Super Mkt,1,,,,mkt,,,,,,MA 6-3435,,Business,grocery / market,Food stores,high,trade/name keyword,1427,Commercial
1960,1427,1427,,,Sunset Super Mkt,1,,,,mkt,,,,,,MA 6-3435,,Business,grocery / market,Food stores,high,trade/name keyword,1427,Commercial
1964,1427,1427,,,RIOS J ASSOCS INS,1,,,Y,ins,,,,,,624-8686,,Business,insurance agency,"Finance, insurance & real estate",high,trade/name keyword,1427,Commercial
1965,1427,1427,,,IDEAL RENTALS-RL EST,3,,,,rl est,,,,,,246-8179,,Business,real estate / property,"Finance, insurance & real estate",high,trade/name keyword,1427,Commercial
1965,1427,1427,,,IDEAL RENTALS-RL EST,3,,,,rl est,,,,,,626-9184,,Business,real estate / property,"Finance, insurance & real estate",high,trade/name keyword,1427,Commercial
1965,1427,1427,,,RIOS J ASSOCS INS,3,,,Y,ins,,,,,,624-8686,,Business,insurance agency,"Finance, insurance & real estate",high,trade/name keyword,1427,Commercial
1927,1428,1428,,,Banta Evalena Mrs,1,,Mrs,,,,,,,,MU 4027,,Residential,,,medium,bare name; this directory adds a trade for businesses,1428,Residential – multifamily
1956,1428,1428,,,Wells Irene,1,,,,,,,,,,MA 5-8074,,Residential,,,medium,bare name; this directory usually adds a trade for businesses,1428,Residential – multifamily
1960,1428,1428,,,McKitterick Pearl,1,,,,,,,,,,MA 4-1794,,Residential,,,medium,bare name; this directory usually adds a trade for businesses,1428,Residential – single-family
1964,1428,1428,,,MC KITTERICK PEARL,1,,,,,,,,,,MA4-1794,,Residential,,,low,1964-68 printouts often drop trades; bare name with no other evidence,1428,Residential – single-family
1927,1428½,1428,Y,,Hermann Frederick,1,,,,,,,,,,MU 4466,,Residential,,,medium,bare name; this directory adds a trade for businesses,1428,Residential – multifamily
1956,1428½,1428,Y,,Hoffnung Jos,1,,,,,,,,,,MU 5051,,Residential,,,medium,bare name; this directory usually adds a trade for businesses,1428,Residential – multifamily
1987,1429,1429,,,CASA BLANCA FURNITURE,1,Y,,,furn,,,,,,250-2900,,Business,furniture store,"Home furnishings, hardware & appliances",high,trade/name keyword,1429,Commercial
1987,1430,1430,,,Vaughn Maria,1,N,,,,,,,,,250-4946,,Residential,,,high,1987 sets residents in mixed case,1430,Residential – single-family
1906,1432,1432,,,Davies J M,1,,,,,,,,,,,,Residential,,,medium,bare name; this directory adds a trade for businesses,1432,Residential – single-family
1927,1432,1432,,,Coan Pat M,1,,,,,,,,,,FA 2761,,Residential,,,medium,bare name; this directory adds a trade for businesses,1432,Residential – single-family
1956,1432,1432,,,Vincent Lawrence,1,,,,,,,,,,MU 2472,,Residential,,,medium,bare name; this directory usually adds a trade for businesses,1432,Residential – single-family
1960,1432,1432,,,Vincent Lawrence,1,,,,,,,,,,MA 8-2472,,Residential,,,medium,bare name; this directory usually adds a trade for businesses,1432,Residential – single-family
1964,1432,1432,,,NORIEGA MAX,2,,,,,,,,,,MA5-3077,,Residential,,,low,1964-68 printouts often drop trades; bare name with no other evidence,1432,Residential – single-family
1964,1432,1432,,,VINCENT L,2,,,,,,,,,,MA8-2472,,Residential,,,medium,bare name; same surname listed as a resident here in another year,1432,Residential – single-family
1965,1432,1432,,,NORIEGA MAX,2,,,,,,,,,,MA5-3077,,Residential,,,low,1964-68 printouts often drop trades; bare name with no other evidence,1432,Residential – single-family
1965,1432,1432,,,VINCENT L,2,,,,,,,,,,MA8-2472,,Residential,,,medium,bare name; same surname listed as a resident here in another year,1432,Residential – single-family
1968,1432,1432,,,VINCENT L,1,,,,,,,,,,628-2472,,Residential,,,medium,bare name; same surname listed as a resident here in another year,1432,Residential – single-family
1973,1432,1432,,,Vincent Lawrence,1,,,,,,,,,,628-2472,,Residential,,,medium,"bare personal name, no business name",1432,Residential – single-family
1987,1432,1432,,,Vincent Lawrence,1,N,,,,,,,,,250-4071,,Residential,,,high,1987 sets residents in mixed case,1432,Residential – single-family
1927,1436,1436,,,Ayers A M Mrs,1,,Mrs,,,,,,,,MU 8737,,Residential,,,medium,bare name; this directory adds a trade for businesses,1436,Residential – single-family
1956,1436,1436,,,Hansen Al B,1,,,,,,,,,,MA 6-0757,,Residential,,,medium,bare name; this directory usually adds a trade for businesses,1436,Residential – single-family
1960,1436,1436,,Apt 2,Balla Frank,3,,,,,,,,,,MA 8-4009,,Residential,,,high,listed by unit number,1436,Residential – multifamily
1960,1436,1436,,Apt 5,Kassarjian Eva M,3,,,,,,,,,,MA 8-9733,,Residential,,,high,listed by unit number,1436,Residential – multifamily
1960,1436,1436,,,Hansen Al B,3,,,,,,,,,,MA 6-0757,,Residential,,,medium,bare name; this directory usually adds a trade for businesses,1436,Residential – multifamily
1964,1436,1436,,#2,BALLA F,3,,,,,,,,,,MA8-4009,,Residential,,,high,listed by unit number,1436,Residential – multifamily
1964,1436,1436,,#5,KELLY GEO S,3,,,,,,,,,,MA9-8041,,Residential,,,high,listed by unit number,1436,Residential – multifamily
1964,1436,1436,,,HANSEN AL B,3,,,,,,,,,,MA6-0757,,Residential,,,medium,bare name; same surname listed as a resident here in another year,1436,Residential – multifamily
1965,1436,1436,,#2,BALLA F,4,,,,,,,,,,MA8-4009,,Residential,,,high,listed by unit number,1436,Residential – multifamily
1965,1436,1436,,#5,KELLY GEO S,4,,,,,,,,,,MA9-8041,,Residential,,,high,listed by unit number,1436,Residential – multifamily
1965,1436,1436,,,CLONINGER T,4,,,,,,,,,,628-8493,,Residential,,,low,1964-68 printouts often drop trades; bare name with no other evidence,1436,Residential – multifamily
1965,1436,1436,,,HANSEN AL B,4,,,,,,,,,,MA6-0757,,Residential,,,medium,bare name; same surname listed as a resident here in another year,1436,Residential – multifamily
1968,1436,1436,,#5,KELLY GEO S,2,,,,,,,,,,629-8041,,Residential,,,high,listed by unit number,1436,Residential – multifamily
1968,1436,1436,,,HANSEN AL B,2,,,,,,,,,,626-0757,,Residential,,,medium,bare name; same surname listed as a resident here in another year,1436,Residential – multifamily
1973,1436,1436,,,Hansen Al B,4,,,,,,,,,,626-0757,,Residential,,,medium,"bare personal name, no business name",1436,Residential – multifamily
1973,1436,1436,,#4,Young Ken F,4,,,,,,,,,,629-3500,,Residential,,,high,listed by unit number,1436,Residential – multifamily
1973,1436,1436,,#5,Kelly Geo S,4,,,,,,,,,,629-8041,,Residential,,,high,listed by unit number,1436,Residential – multifamily
1973,1436,1436,,#6,Vasquez Frank,4,,,,,,,,,,489-2932,,Residential,,,high,listed by unit number,1436,Residential – multifamily
1987,1436,1436,,,HANSEN AL B,2,Y,,,,,,,,,250-3486,,Business,unidentified business (personal name in capitals),Unidentified business,low,1987 capitals; earlier years look residential (owner of apartments at this address?),1436,Mixed-use
1987,1436,1436,,#5,Estrada Richardo,2,N,,,,,,,,,977-0609,,Residential,,,high,listed by unit number,1436,Mixed-use
1960,1437,1437,,,Tracy TV & Radio,1,,,Y,"radio,tv",,,,,,MA 6-5920,,Business,TV / radio sales & repair,"Home furnishings, hardware & appliances",high,trade/name keyword,1437,Commercial
1927,1439,1439,,,Reliable Poultry Mkt,1,,,,"mkt,poultry",,,,,,MU 9518,,Business,poultry market,Food stores,high,trade/name keyword,1439,Commercial
1956,1439,1439,,,On Sang Poultry Co,1,,,Y,poultry,,,,,,MU 4535,,Business,poultry market,Food stores,high,trade/name keyword,1439,Commercial
1960,1439,1439,,,On Sang Poultry Co,1,,,Y,poultry,,,,,,MA 6-8278,,Business,poultry market,Food stores,high,trade/name keyword,1439,Commercial
1964,1439,1439,,,ON SANG POULTRY,1,,,,poultry,,,,,,MA6-8278,,Business,poultry market,Food stores,high,trade/name keyword,1439,Commercial
1965,1439,1439,,,ON SANG POULTRY,1,,,,poultry,,,,,,MA6-8278,,Business,poultry market,Food stores,high,trade/name keyword,1439,Commercial
1968,1439,1439,,,ON SANG POULTRY,1,,,,poultry,,,,,,626-8278,,Business,poultry market,Food stores,high,trade/name keyword,1439,Commercial
1973,1439,1439,,,Tong's Dress Shop,1,,,Y,"dress,shop",,,,,,485-1476,,Business,clothing store,"Apparel, shoes & fabric",high,trade/name keyword,1439,Commercial
1987,1439,1439,,,EVAN FASHIONS,1,Y,,,fashion,,,,,,482-5352,,Business,clothing store,"Apparel, shoes & fabric",high,trade/name keyword,1439,Commercial
1927,1442,1442,,,Everharty John J,1,,,,,,,,,,MU 4884,,Residential,,,medium,bare name; this directory adds a trade for businesses,1442,Residential – single-family
1968,1442,1442,,,NORIEGA M,1,,,,,,,,,,625-3077,,Residential,,,medium,bare name; same surname listed as a resident here in another year,1442,Residential – single-family
1973,1442,1442,,,Noriega Max,1,,,,,,,,,,625-3077,,Residential,,,medium,"bare personal name, no business name",1442,Residential – single-family
1987,1442,1442,,,Soto Connie,1,N,,,,,,,,,481-0450,,Residential,,,high,1987 sets residents in mixed case,1442,Residential – single-family
1956,1444,1444,,,Poulos Arthur I Dr,1,,Dr,,,,,,,,MU 8594,,Business,physician's office,Health & medical,high,trade/name keyword,1444,Commercial
1927,1446,1446,,,ERvin C W,1,,,,,,,,,,MU 7979,,Residential,,,medium,bare name; this directory adds a trade for businesses,1446,Residential – single-family
1956,1446,1446,,,Harris Myerl r,2,,,,,Y,,,,,MA 6-6463,,Residential,,,medium,bare name; this directory usually adds a trade for businesses; trailing 'r',1446,Residential – single-family
1956,1446,1446,,,Jemison Andrew T r,2,,,,,Y,,,,,MA 6-6463,,Residential,,,medium,bare name; this directory usually adds a trade for businesses; trailing 'r',1446,Residential – single-family
1960,1446,1446,,,Harris Myerl,2,,,,,,,,,,MA 3-2766,,Residential,,,medium,bare name; this directory usually adds a trade for businesses,1446,Residential – single-family
1960,1446,1446,,,Jemison Andrew T,2,,,,,,,,,,MA 3-2766,,Residential,,,medium,bare name; this directory usually adds a trade for businesses,1446,Residential – single-family
1968,1446,1446,,,EICKHOFF W,1,,,,,,,,,,625-8797,printed 1446 inside the 1546 run; likely 1546,Residential,,,low,1964-68 printouts often drop trades; bare name with no other evidence,1446,Residential – single-family
1987,1446½,1446,Y,,Tom C F,1,N,,,,,,,,,482-8653,,Residential,,,high,1987 sets residents in mixed case,1446,Residential – single-family
1927,1449,1449,,,Sunland Pub Mkt,1,,,,"mkt,pub",,,,,,MU 0833,,Business,grocery / market,Food stores,high,trade/name keyword,1449,Commercial
1960,1449,1449,,,Nikola's restrnt,2,,,Y,restrnt,,,,,,MA 8-8005,,Business,restaurant / cafe,Restaurants & bars,high,trade/name keyword,1449,Commercial
1960,1449,1449,,,Rasic Nick Nikola's restrnt,2,,,Y,restrnt,,,,,,MA 8-8005,,Business,restaurant / cafe,Restaurants & bars,high,trade/name keyword,1449,Commercial
1964,1449,1449,,,NIKOLAS,1,,,,,,,,,,MA8-8005,,Business,restaurant / cafe,Restaurants & bars,high,"1960 'Nikola's restrnt', same phone",1449,Commercial
1965,1449,1449,,,NIKOLAS,1,,,,,,,,,,MA8-8005,,Business,restaurant / cafe,Restaurants & bars,high,"1960 'Nikola's restrnt', same phone",1449,Commercial
1968,1449,1449,,,NIKOLAS,1,,,,,,,,,,628-8005,,Business,restaurant / cafe,Restaurants & bars,high,"1960 'Nikola's restrnt', same phone",1449,Commercial
1973,1449,1449,,,Nikola's,1,,,Y,,,,,,,628-8005,,Business,restaurant / cafe,Restaurants & bars,high,"1960 'Nikola's restrnt', same phone",1449,Commercial
1987,1449,1449,,,NIKOLA'S,1,Y,,Y,,,,,,,250-4505,,Business,restaurant / cafe,Restaurants & bars,medium,1960 'Nikola's restrnt' at same address,1449,Commercial
1956,1451,1451,,,Cherpin Louis Winery,2,,,,winery,,,,,,MI 3592,,Business,winery / wine shop,Food stores,high,trade/name keyword,1451,Commercial
1956,1451,1451,,,Louis Cherpin Winery,2,,,,winery,,,,,,MI 3592,,Business,winery / wine shop,Food stores,high,trade/name keyword,1451,Commercial
1960,1451,1451,,,Cherpin Louis Winery,2,,,,winery,,,,,,MA 4-3592,,Business,winery / wine shop,Food stores,high,trade/name keyword,1451,Commercial
1960,1451,1451,,,Louis Cherpin Winery,2,,,,winery,,,,,,MA 4-3592,,Business,winery / wine shop,Food stores,high,trade/name keyword,1451,Commercial
1927,1452,1452,,,Spencer G W Mrs,1,,Mrs,,,,,,,,FA 3678,,Residential,,,medium,bare name; this directory adds a trade for businesses,1452,Residential – single-family
1956,1452,1452,,,Mendia Joe,1,,,,,,,,,,MU 5942,,Residential,,,medium,bare name; this directory usually adds a trade for businesses,1452,Residential – multifamily
1956,1452½,1452,Y,,Carlson O F,1,,,,,,,,,,MU 7945,,Residential,,,medium,bare name; this directory usually adds a trade for businesses,1452,Residential – multifamily
1960,1452½,1452,Y,,McGlashan Kenneth,1,,,,,,,,,,MA 3-3041,,Residential,,,medium,bare name; this directory usually adds a trade for businesses,1452,Residential – single-family
1973,1452½,1452,Y,,Donley David R,1,,,,,,,,,,489-4754,,Residential,,,medium,"bare personal name, no business name",1452,Residential – single-family
1987,1452½,1452,Y,,Mazas Taurino,1,N,,,,,,,,,481-1258,,Residential,,,high,1987 sets residents in mixed case,1452,Residential – single-family
1956,1453,1453,,,Echo Park Laundromat,1,,,,laundr,,,,,,MU 8091,,Business,laundry / dry cleaner,Personal services,high,trade/name keyword,1453,Commercial
1960,1453,1453,,,Echo Park Laundromat,1,,,,laundr,,,,,,MA 8-8091,,Business,laundry / dry cleaner,Personal services,high,trade/name keyword,1453,Commercial
1964,1453,1453,,,ECHO PRK LNDROMT,1,,,,lndromt,,,,,,MA8-8091,,Business,laundry / dry cleaner,Personal services,high,trade/name keyword,1453,Commercial
1965,1453,1453,,,ECHO PK LAUNDERETTE,1,,,,launderette,,,,,,628-8091,,Business,laundry / dry cleaner,Personal services,high,trade/name keyword,1453,Commercial
1956,1454,1454,,,Lake Rufus N,1,,,,,,,,,,MU 6538,,Residential,,,medium,bare name; this directory usually adds a trade for businesses,1454,Residential – multifamily
1960,1454,1454,,,Hazama Jos T,1,,,,,,,,,,MA 8-9672,,Residential,,,medium,bare name; this directory usually adds a trade for businesses,1454,Residential – multifamily
1964,1454,1454,,,HAZAMA JOS T,1,,,,,,,,,,MA8-9672,,Residential,,,medium,bare name; same surname listed as a resident here in another year,1454,Residential – multifamily
1965,1454,1454,,,HAZAMA JOS T,1,,,,,,,,,,MA8-9672,,Residential,,,medium,bare name; same surname listed as a resident here in another year,1454,Residential – single-family
1956,1454½,1454,Y,,Carr B,1,,,,,,,,,,TU 7768,,Residential,,,medium,bare name; this directory usually adds a trade for businesses,1454,Residential – multifamily
1960,1454½,1454,Y,,Carr B,1,,,,,,,,,,MA 3-9049,,Residential,,,medium,bare name; this directory usually adds a trade for businesses,1454,Residential – multifamily
1964,1454½,1454,Y,,SIMMONS CECILE L,1,,,,,,,,,,MA8-9678,,Residential,,,low,1964-68 printouts often drop trades; bare name with no other evidence,1454,Residential – multifamily
1956,1455,1455,,,Shack Inn,1,,,,inn,,,,,,MA 9-9191,,Business,bar / tavern (likely),Restaurants & bars,low,'Inn' with no lodging context,1455,Commercial
1927,1456,1456,,,Hutchinson E Mrs,1,,Mrs,,,,,,,,FA 2774,,Residential,,,medium,bare name; this directory adds a trade for businesses,1456,Residential – single-family
1956,1456,1456,,,Bergstrom Edw r,1,,,,,Y,,,,,MA 6-7386,,Residential,,,medium,bare name; this directory usually adds a trade for businesses; trailing 'r',1456,Residential – single-family
1960,1456,1456,,,Bergstrom Louise DuVal,1,,,,,,,,,,MA 6-7386,,Residential,,,medium,bare name; this directory usually adds a trade for businesses,1456,Residential – single-family
1964,1456,1456,,,BERGSTROM LOUISE,1,,,,,,,,,,MA6-7386,,Residential,,,medium,bare name; same surname listed as a resident here in another year,1456,Residential – single-family
1965,1456,1456,,,FOSTER L D,1,,,,,,,,,,626-7386,,Residential,,,low,1964-68 printouts often drop trades; bare name with no other evidence,1456,Residential – single-family
1973,1456,1456,,,Cruz Paul A,1,,,,,,,,,,625-3158,,Residential,,,medium,"bare personal name, no business name",1456,Residential – single-family
1927,1457,1457,,,Sutherland Mkt,1,,,,mkt,,,,,,MU 9831,,Business,grocery / market,Food stores,high,trade/name keyword,1457,Commercial
1956,1457,1457,,,Gordon J E,1,,,,,,,,,,MI 2918,,Residential,,,medium,bare name; this directory usually adds a trade for businesses,1457,Residential – single-family
1960,1457,1457,,,TV Fanfare Publications production dept,1,,,,"dept,publications,tv",,,,,,MA 6-4818,,Business,newspaper / publisher,"Media, printing & entertainment",high,trade/name keyword,1457,Commercial
1964,1457,1457,,,BULWINSCH ALFRED,1,,,,,,,,,,628-5853,,Residential,,,medium,bare name; same surname listed as a resident here in another year,1457,Residential – single-family
1965,1457,1457,,,BULWINSCH ALFRED,1,,,,,,,,,,628-5853,,Residential,,,medium,bare name; same surname listed as a resident here in another year,1457,Residential – single-family
1968,1457,1457,,,BULWINSCH ALFRED,1,,,,,,,,,,628-5853,,Residential,,,medium,bare name; same surname listed as a resident here in another year,1457,Residential – single-family
1973,1457,1457,,,Bulwinsch Alfred,1,,,,,,,,,,628-5853,,Residential,,,medium,"bare personal name, no business name",1457,Residential – single-family
1987,1457,1457,,,NHAN DUC DUONG,1,Y,,,,,,,,,482-8596,,Business,unidentified business (personal name in capitals),Unidentified business,low,1987 sets businesses in capitals; no trade given,1457,Commercial
1960,1459,1459,,,Gordon J E,1,,,,,,,,,,MA 4-2918,,Residential,,,medium,bare name; this directory usually adds a trade for businesses,1459,Mixed-use
1968,1459,1459,,,EHRET T PHOTOGRAPHY,1,,,,photo,,,,,,626-2737,,Business,photography / portrait studio,"Media, printing & entertainment",high,trade/name keyword,1459,Commercial
1973,1459,1459,,,Ehret Theo Photography,1,,,,photo,,,,,,626-2737,,Business,photography / portrait studio,"Media, printing & entertainment",high,trade/name keyword,1459,Commercial
1987,1459,1459,,,ANNA'S GROCERY MARKET,1,Y,,Y,"grocer,market",,,,,,481-2282,,Business,grocery / market,Food stores,high,trade/name keyword,1459,Commercial
1956,1459½,1459,Y,,Gomez Andrew Sunset Leather Goods Co,2,,,Y,,,,,,,MU 3508,,Business,leather goods shop,General & specialty retail,high,trade/name keyword,1459,Commercial
1956,1459½,1459,Y,,Sunset Leather Goods,2,,,,,,,,,,MU 3508,,Business,leather goods shop,General & specialty retail,high,trade/name keyword,1459,Commercial
1960,1459½,1459,Y,,Gomez Andrew Sunset Leather Goods,2,,,,,,,,,,MA 8-3508,,Business,leather goods shop,General & specialty retail,high,trade/name keyword,1459,Mixed-use
1960,1459½,1459,Y,,Sunset Leather Goods,2,,,,,,,,,,MA 8-3508,,Business,leather goods shop,General & specialty retail,high,trade/name keyword,1459,Mixed-use
1964,1459½,1459,Y,,SUNSET LEATHER GOODS,1,,,,,,,,,,MA8-3508,,Business,leather goods shop,General & specialty retail,high,trade/name keyword,1459,Commercial
1965,1459½,1459,Y,,SUNSET LEATHER GOODS,1,,,,,,,,,,MA8-3508,,Business,leather goods shop,General & specialty retail,high,trade/name keyword,1459,Commercial
1968,1459½,1459,Y,,SUNSET LEATHER GOODS,1,,,,,,,,,,628-3508,,Business,leather goods shop,General & specialty retail,high,trade/name keyword,1459,Commercial
1987,1459½,1459,Y,,HECTOR'S SHOE REPAIR,1,Y,,Y,shoe,,,,,,250-7089,,Business,shoe repair,Personal services,high,trade/name keyword,1459,Commercial
1927,1461,1461,,,Sutherland Apts,3,,,,,,,,,,MU 9820,,Apartment building,,,high,building name or APARTMENT heading,1461,Residential – multifamily
1927,1461,1461,,,Anderson Robt,3,,,,,,,,,,MU 1447,,Residential,,,medium,bare name; this directory adds a trade for businesses,1461,Residential – multifamily
1927,1461,1461,,,Mahoney W L,3,,,,,,,,,,MU 3048,,Residential,,,medium,bare name; this directory adds a trade for businesses,1461,Residential – multifamily
1956,1461,1461,,,(Sutherland Apts),5,,,,,,Y,,,,MU-9820,,Apartment building,,,high,building name or APARTMENT heading,1461,Residential – multifamily
1956,1461,1461,,Apt 20,Bortenstein H Mrs,5,,Mrs,,,,,,,,MA 5-2927,,Residential,,,high,listed by unit number,1461,Residential – multifamily
1956,1461,1461,,Apt 32,Smith Gene,5,,,,,,,,,,MU 8891,,Residential,,,high,listed by unit number,1461,Residential – multifamily
1956,1461,1461,,Apt 35,Stakes Gordon,5,,,,,,,,,,MU 2529,,Residential,,,high,listed by unit number,1461,Residential – multifamily
1956,1461,1461,,Apt 37,Bickhaus Frank V r,5,,,,,Y,,,,,MA 6-1408,,Residential,,,high,listed by unit number,1461,Residential – multifamily
1960,1461,1461,,,Sutherland Apts,3,,,,,,,,,,MA 8-0997,,Apartment building,,,high,building name or APARTMENT heading,1461,Residential – multifamily
1960,1461,1461,,Apt 20,Bortenstein H Mrs,3,,Mrs,,,,,,,,MA 5-2927,,Residential,,,high,listed by unit number,1461,Residential – multifamily
1960,1461,1461,,Apt 37,Bickhaus Frank V,3,,,,,,,,,,MA 3-1972,,Residential,,,high,listed by unit number,1461,Residential – multifamily
1964,1461,1461,,#12,BORTENSTEIN JACK,7,,,,,,,,,,626-0929,,Residential,,,high,listed by unit number,1461,Mixed-use
1964,1461,1461,,#14,BORTENSTEIN JACK,7,,,,,,,,,,MA5-2927,,Residential,,,high,listed by unit number,1461,Mixed-use
1964,1461,1461,,#24,MILNER ANNIE,7,,,,,,,,,,626-5971,,Residential,,,high,listed by unit number,1461,Mixed-use
1964,1461,1461,,#26,CHAIDEZ ADOLFO C,7,,,,,,,,,,625-3067,,Residential,,,high,listed by unit number,1461,Mixed-use
1964,1461,1461,,#37,BICKHAUS F V,7,,,,,,,,,,MA3-1972,,Residential,,,high,listed by unit number,1461,Mixed-use
1964,1461,1461,,,GENERAL REPAIR,7,,,,,,,,,,MA5-8710,,Business,auto repair,Auto sales & service,high,trade/name keyword,1461,Mixed-use
1964,1461,1461,,,SUTHERLAND APTS,7,,,,,,,,,,688-9013,,Apartment building,,,high,building name or APARTMENT heading,1461,Mixed-use
1965,1461,1461,,#12,BORTENSTEIN JACK,5,,,,,,,,,,626-0929,,Residential,,,high,listed by unit number,1461,Mixed-use
1965,1461,1461,,#14,BORTENSTEIN JACK,5,,,,,,,,,,MA5-2927,,Residential,,,high,listed by unit number,1461,Mixed-use
1965,1461,1461,,#37,BICKHAUS F V,5,,,,,,,,,,MA3-1972,,Residential,,,high,listed by unit number,1461,Mixed-use
1965,1461,1461,,,GENERAL REPAIR,5,,,,,,,,,,MA5-8710,,Business,auto repair,Auto sales & service,high,trade/name keyword,1461,Mixed-use
1965,1461,1461,,,SUTHERLAND APTS,5,,,,,,,,,,688-9013,,Apartment building,,,high,building name or APARTMENT heading,1461,Mixed-use
1968,1461,1461,,#12,SAVICH A,5,,,,,,,,,,625-1856,,Residential,,,high,listed by unit number,1461,Mixed-use
1968,1461,1461,,#14,BORTENSTEIN J,5,,,,,,,,,,626-0929,,Residential,,,high,listed by unit number,1461,Mixed-use
1968,1461,1461,,#24,BORTENSTEIN F,5,,,,,,,,,,624-2043,,Residential,,,high,listed by unit number,1461,Mixed-use
1968,1461,1461,,#26,VIDULICH L H,5,,,,,,,,,,628-3515,,Residential,,,high,listed by unit number,1461,Mixed-use
1968,1461,1461,,,SUTHERLAND APTS,5,,,,,,,,,,688-9013,,Apartment building,,,high,building name or APARTMENT heading,1461,Mixed-use
1973,1461,1461,,#14,Bortenstein Jack,6,,,,,,,,,,626-0929,,Residential,,,high,listed by unit number,1461,Mixed-use
1973,1461,1461,,#23,Castro Onesimo,6,,,,,,,,,,628-2591,,Residential,,,high,listed by unit number,1461,Mixed-use
1973,1461,1461,,#26,Vidulich Louis H,6,,,,,,,,,,628-3515,,Residential,,,high,listed by unit number,1461,Mixed-use
1973,1461,1461,,#30,Osborn Walter,6,,,,,,,,,,625-2705,,Residential,,,high,listed by unit number,1461,Mixed-use
1973,1461,1461,,#31,Gillard Marvin H,6,,,,,,,,,,628-5567,,Residential,,,high,listed by unit number,1461,Mixed-use
1973,1461,1461,,#32,O'Hara John P,6,,,,,,,,,,628-1401,,Residential,,,high,listed by unit number,1461,Mixed-use
1987,1461,1461,,#10,BULWINSCH ALFRED,6,Y,,,,,,,,,250-4375,,Residential,,,low,"1987 capitals usually mean a business, but this is a unit in an apartment building",1461,Mixed-use
1987,1461,1461,,#14,Deanon Irene,6,N,,,,,,,,,250-4394,,Residential,,,high,listed by unit number,1461,Mixed-use
1987,1461,1461,,#24,Tamayo Isabel,6,N,,,,,,,,,481-1257,,Residential,,,high,listed by unit number,1461,Mixed-use
1987,1461,1461,,#26,Causing Sotaro L,6,N,,,,,,,,,481-8300,,Residential,,,high,listed by unit number,1461,Mixed-use
1987,1461,1461,,#31,Hung Loise,6,N,,,,,,,,,250-3524,,Residential,,,high,listed by unit number,1461,Mixed-use
1987,1461,1461,,#32,Rocha Tomas,6,N,,,,,,,,,482-4978,,Residential,,,high,listed by unit number,1461,Mixed-use
1968,1461½,1461,Y,,GENERAL REPAIR,1,,,,,,,,,,625-1463,,Business,auto repair,Auto sales & service,high,trade/name keyword,1461,Mixed-use
1973,1461½,1461,Y,,General Repair,1,,,,,,,,,,625-1463,,Business,auto repair,Auto sales & service,high,trade/name keyword,1461,Mixed-use
1987,1461½,1461,Y,,PHONG LAN,1,Y,,,,,,,,,975-1234,,Business,unidentified business (personal name in capitals),Unidentified business,low,1987 sets businesses in capitals; no trade given,1461,Mixed-use
1906,1462,1462,,,Riley J C,1,,,,,,,,,,,,Residential,,,medium,bare name; this directory adds a trade for businesses,1462,Residential – single-family
1927,1462,1462,,,Riley J C,1,,,,,,,,,,MU 8834,,Residential,,,medium,bare name; this directory adds a trade for businesses,1462,Residential – single-family
1956,1462,1462,,,Riley J C r,1,,,,,Y,,,,,MU-8834,,Residential,,,medium,bare name; this directory usually adds a trade for businesses; trailing 'r',1462,Residential – single-family
1960,1462,1462,,,Riley W E,1,,,,,,,,,,MA 8-8834,,Residential,,,medium,bare name; this directory usually adds a trade for businesses,1462,Residential – single-family
1964,1462,1462,,,RILEY W E,1,,,,,,,,,,MA8-8834,,Residential,,,medium,bare name; same surname listed as a resident here in another year,1462,Residential – single-family
1965,1462,1462,,,RILEY W E,1,,,,,,,,,,MA8-8834,,Residential,,,medium,bare name; same surname listed as a resident here in another year,1462,Residential – single-family
1968,1462,1462,,,RILEY W E,1,,,,,,,,,,628-8834,,Residential,,,medium,bare name; same surname listed as a resident here in another year,1462,Residential – single-family
1973,1462,1462,,,Riley W E,1,,,,,,,,,,628-8834,,Residential,,,medium,"bare personal name, no business name",1462,Residential – single-family
1987,1462,1462,,,Diaz Carmen,2,N,,,,,,,,,250-0416,,Residential,,,high,1987 sets residents in mixed case,1462,Residential – single-family
1987,1462,1462,,,Fumes Maria,2,N,,,,,,,,,250-0691,,Residential,,,high,1987 sets residents in mixed case,1462,Residential – single-family
1964,1463,1463,,,GONZALEZ FRED S,1,,,,,,,,,,626-1985,,Residential,,,low,1964-68 printouts often drop trades; bare name with no other evidence,1463,Residential – single-family
1965,1463,1463,,,GONZALEZ F S,1,,,,,,,,,,MA6-1985,,Residential,,,low,1964-68 printouts often drop trades; bare name with no other evidence,1463,Residential – single-family
1987,1463,1463,,,ALICE BEAUTY SALON,1,Y,,,"beauty,salon",,,,,,977-0266,,Business,beauty salon,Personal services,high,trade/name keyword,1463,Commercial
1956,1465,1465,,,Burgess E R Dick Col & Associates auctnrs,2,,,Y,,,,,,,MU 5832,,Business,auctioneer,Professional & business services,high,'auctnrs',1465,Commercial
1956,1465,1465,,,South West Auction Parlor,2,,,,auction,,,,,,MU 5832,,Business,auctioneer,Professional & business services,high,trade/name keyword,1465,Commercial
1960,1465,1465,,,Daad Co The lightng,2,,,Y,,,,,,,MA 9-2827,,Business,lighting fixtures,"Home furnishings, hardware & appliances",high,trade/name keyword,1465,Commercial
1960,1465,1465,,,Kiatta Nicholas Daad Co The lightng,2,,,Y,,,,,,,MA 9-2827,,Business,lighting fixtures,"Home furnishings, hardware & appliances",high,trade/name keyword,1465,Commercial
1906,1466,1466,,,Dunlap Mrs C S,1,,Mrs,,,,,,,,,,Residential,,,medium,bare name; this directory adds a trade for businesses,1466,Residential – single-family
1927,1466,1466,,,Butcher E H,1,,,,,,,,,,FA 3571,,Residential,,,medium,bare name; this directory adds a trade for businesses,1466,Residential – single-family
1956,1466,1466,,,Urbano Domenico,1,,,,,,,,,,MA 5-8856,,Residential,,,medium,bare name; this directory usually adds a trade for businesses,1466,Residential – single-family
1960,1466,1466,,,Urbano Domenico,1,,,,,,,,,,MA 5-8856,,Residential,,,medium,bare name; this directory usually adds a trade for businesses,1466,Residential – single-family
1964,1466,1466,,,KAMI JIMMY,1,,,,,,,,,,624-1755,,Residential,,,low,1964-68 printouts often drop trades; bare name with no other evidence,1466,Residential – single-family
1965,1466,1466,,,KAMI JIMMY,1,,,,,,,,,,624-1755,,Residential,,,low,1964-68 printouts often drop trades; bare name with no other evidence,1466,Residential – multifamily
1968,1466,1466,,,GARCIA J,1,,,,,,,,,,624-9903,,Residential,,,low,1964-68 printouts often drop trades; bare name with no other evidence,1466,Mixed-use
1965,1466½,1466,Y,,KITAGAWA Y K,1,,,,,,,,,,628-9088,,Residential,,,low,1964-68 printouts often drop trades; bare name with no other evidence,1466,Residential – multifamily
1968,1466½,1466,Y,,STATEWIDE HOMEOWNERS,1,,,,,,,,,,629-8158,,Business,real estate / property,"Finance, insurance & real estate",high,trade/name keyword,1466,Mixed-use
1964,1467,1467,,,BOB GOMEZ SHELL SRV,1,,,,shell,,,,,,MA9-3479,,Business,gas / service station,Auto sales & service,high,trade/name keyword,1467,Commercial
1965,1467,1467,,,BOB GOMEZ SHELL SRV,1,,,,shell,,,,,,MA9-3479,,Business,gas / service station,Auto sales & service,high,trade/name keyword,1467,Commercial
1968,1467,1467,,,BOB GOMEZ SHELL SRV,1,,,,shell,,,,,,629-3479,,Business,gas / service station,Auto sales & service,high,trade/name keyword,1467,Commercial
1973,1467,1467,,,Saravia Salvador R,1,,,,,,,,,,625-0443,,Residential,,,medium,"bare personal name, no business name",1467,Residential – single-family
1987,1467,1467,,,NAY-MEX TIRES,2,Y,,,tire,,,,,,250-5844,,Business,tire shop,Auto sales & service,high,trade/name keyword,1467,Commercial
1987,1467,1467,,,POJANANOND SUWANNA,2,Y,,,,,,,,,481-2115,,Business,unidentified business (personal name in capitals),Unidentified business,low,1987 sets businesses in capitals; no trade given,1467,Commercial
1906,1472,1472,,,Vacant,1,,,,,,,Y,,,,,Vacant,,,high,printed 'Vacant',1472,Vacant
1927,1472,1472,,,McBride M A Mrs,1,,Mrs,,,,,,,,FA 1563,,Residential,,,medium,bare name; this directory adds a trade for businesses,1472,Residential – single-family
1956,1472,1472,,Apt 3,Sills Evelyn,1,,,,,,,,,,MU 1203,,Residential,,,high,listed by unit number,1472,Residential – multifamily
1964,1472,1472,,,[APARTMENT – no units listed],1,,,,,,,,Y,,,,Apartment building,,,high,APARTMENT heading,1472,Residential – multifamily
1968,1472,1472,,#1,RAYAS R,1,,,,,,,,,,626-9774,,Residential,,,high,listed by unit number,1472,Residential – multifamily
1956,1472½,1472,Y,,Wilkins Lewis,1,,,,,,,,,,TU 4970,,Residential,,,medium,bare name; this directory usually adds a trade for businesses,1472,Residential – multifamily
1968,1472½,1472,Y,,NEGRETE J,1,,,,,,,,,,625-8388,,Residential,,,low,1964-68 printouts often drop trades; bare name with no other evidence,1472,Residential – multifamily
1987,1472¾,1472,Y,,Huang Mou-Tao,1,N,,,,,,,,,482-5841,,Residential,,,high,1987 sets residents in mixed case,1472,Residential – single-family
1987,1474,1474,,,Monterroso Sergio,1,N,,,,,,,,,481-0641,,Residential,,,high,1987 sets residents in mixed case,1474,Residential – single-family
1960,1475,1475,,,Sam's Serv,1,,,Y,,,,,,,MA 8-7561,,Business,service station (likely),Auto sales & service,low,'Serv' is the directory's usual word for service stations,1475,Commercial
1906,1476,1476,,,McCready B F,1,,,,,,,,,,,,Residential,,,medium,bare name; this directory adds a trade for businesses,1476,Residential – single-family
1927,1476,1476,,,Anderson E W Mrs,1,,Mrs,,,,,,,,FA 0680,,Residential,,,medium,bare name; this directory adds a trade for businesses,1476,Residential – single-family
1956,1476,1476,,,De la Torre Xavier,1,,,,,,,,,,MU 8044,,Residential,,,medium,bare name; this directory usually adds a trade for businesses,1476,Residential – single-family
1960,1476,1476,,,De la Torre Xavier,1,,,,,,,,,,MA 8-8044,,Residential,,,medium,bare name; this directory usually adds a trade for businesses,1476,Residential – single-family
1964,1476,1476,,,DE LA TORRE X,1,,,,,,,,,,MA8-8044,,Residential,,,medium,bare name; same surname listed as a resident here in another year,1476,Residential – single-family
1965,1476,1476,,,DE LA TORRE X,1,,,,,,,,,,MA8-8044,,Residential,,,medium,bare name; same surname listed as a resident here in another year,1476,Residential – single-family
1968,1476,1476,,,DE LA TORRE X,1,,,,,,,,,,628-8044,,Residential,,,medium,bare name; same surname listed as a resident here in another year,1476,Residential – single-family
1973,1476,1476,,,De la Torre Xavier,1,,,,,,,,,,628-8044,,Residential,,,medium,"bare personal name, no business name",1476,Residential – single-family
1987,1476,1476,,,De la Torre Xavier,1,N,,,,,,,,,250-4510,,Residential,,,high,1987 sets residents in mixed case,1476,Residential – single-family
1956,1477,1477,,,Matlin Pharmacy,1,,,,pharm,,,,,,MU 9487,,Business,pharmacy / drugstore,Health & medical,high,trade/name keyword,1477,Commercial
1960,1477,1477,,,George's Corner,1,,,Y,,,,,,,MA 8-1854,,Business,bar or cafe (likely),Restaurants & bars,low,name only; 'Corner' successor is a bar,1477,Commercial
1964,1477,1477,,,RUDYS CORNER,1,,,,,,,,,,MA5-8373,,Business,bar / cocktail lounge,Restaurants & bars,medium,same phone as 1973 'Little Joy Cocktails',1477,Commercial
1965,1477,1477,,,RUDYS CORNER,1,,,,,,,,,,MA5-8373,,Business,bar / cocktail lounge,Restaurants & bars,medium,same phone as 1973 'Little Joy Cocktails',1477,Commercial
1968,1477,1477,,,RUDYS CORNER,1,,,,,,,,,,625-8373,,Business,bar / cocktail lounge,Restaurants & bars,medium,same phone as 1973 'Little Joy Cocktails',1477,Commercial
1973,1477,1477,,,Little Joy Cocktails,1,,,,cocktail,,,,,,625-8373,,Business,bar / cocktail lounge,Restaurants & bars,high,trade/name keyword,1477,Commercial
1987,1477,1477,,,LITTLE JOY COCKTAILS,1,Y,,,cocktail,,,,,,250-3417,,Business,bar / cocktail lounge,Restaurants & bars,high,trade/name keyword,1477,Commercial
1960,1479,1479,,,Sylvester Anthony tlr,1,,,,tlr,,,,,,MA 5-8005,,Business,tailor,Personal services,high,trade/name keyword,1479,Commercial
1964,1479,1479,,,SYLVESTER ANTHONY TLR,1,,,,tlr,,,,,,MA5-8005,,Business,tailor,Personal services,high,trade/name keyword,1479,Commercial
1965,1479,1479,,,SYLVESTER A-TAILOR,1,,,,tailor,,,,,,625-8005,,Business,tailor,Personal services,high,trade/name keyword,1479,Commercial
1968,1479,1479,,,SYLVESTER A-TAILOR,1,,,,tailor,,,,,,625-8005,,Business,tailor,Personal services,high,trade/name keyword,1479,Commercial
1987,1479,1479,,,DRAGONSNEST BOOKS,1,Y,,,,,,,,,250-2301,,Business,book / stationery store,General & specialty retail,high,trade/name keyword,1479,Commercial
1960,1484,1484,,,Internatl Geneva Assn,1,,,Y,,,,,,,MA 5-8397,,Institutional,Geneva Association (hospitality workers' society),Institutional & civic,high,trade/name keyword,1484,Institutional
1964,1484,1484,,,INTERNATL GENEVA,1,,,,,,,,,,MA5-8397,,Institutional,Geneva Association (hospitality workers' society),Institutional & civic,high,trade/name keyword,1484,Institutional
1965,1484,1484,,,INTERNATL GENEVA,1,,,,,,,,,,MA5-8397,,Institutional,Geneva Association (hospitality workers' society),Institutional & civic,high,trade/name keyword,1484,Institutional
1968,1484,1484,,,INTERNATL GENEVA,1,,,,,,,,,,625-8397,,Institutional,Geneva Association (hospitality workers' society),Institutional & civic,high,trade/name keyword,1484,Institutional
1973,1484,1484,,,Helen's Natural Fruit Confectionery,1,,,Y,confection,,,,,,629-1084,,Business,ice cream / candy shop,Food stores,high,trade/name keyword,1484,Commercial
1956,1485,1485,,2nd Flr,TV Fanfare Publications,3,,,,"publications,tv",,,,,,MA 6-4444,,Business,newspaper / publisher,"Media, printing & entertainment",high,trade/name keyword,1485,Commercial
1956,1485,1485,,,Ringling Advertising Agcy,3,,,Y,advertising,,,,,,MA 6-4444,,Business,advertising agency,Professional & business services,high,trade/name keyword,1485,Commercial
1956,1485,1485,,,Ringling Offset Press,3,,,,press,,,,,,MA 6-4444,,Business,printing shop,"Media, printing & entertainment",high,trade/name keyword,1485,Commercial
1960,1485,1485,,2nd Flr,Mark-It Shopping List Inc,4,,,Y,shop,,,,,,MA 6-6511,,Business,shopping-list publisher / advertiser,"Media, printing & entertainment",low,"name only, shares floor with TV Fanfare Publications",1485,Commercial
1960,1485,1485,,2nd Flr,TV Fanfare Publications main ofc,4,,,,"publications,tv",,,,,,MA 6-4444,,Business,newspaper / publisher,"Media, printing & entertainment",high,trade/name keyword,1485,Commercial
1960,1485,1485,,,Ringling Advertising Agcy,4,,,Y,advertising,,,,,,MA 6-4444,,Business,advertising agency,Professional & business services,high,trade/name keyword,1485,Commercial
1960,1485,1485,,,Ringling Offset Press,4,,,,press,,,,,,MA 6-4444,,Business,printing shop,"Media, printing & entertainment",high,trade/name keyword,1485,Commercial
1964,1485,1485,,FL 2,T V FANFARE PUB,2,,,,pub,,,,,,626-1718,,Business,newspaper / publisher,"Media, printing & entertainment",high,trade/name keyword,1485,Commercial
1964,1485,1485,,(unit not given),G N S PRINTERS,2,,,,printers,,,,,,626-6741,,Business,printing shop,"Media, printing & entertainment",high,trade/name keyword,1485,Commercial
1965,1485,1485,,FL 2,T V FANFARE PUB,2,,,,pub,,,,,,626-1718,,Business,newspaper / publisher,"Media, printing & entertainment",high,trade/name keyword,1485,Commercial
1965,1485,1485,,(unit not given),G N S PRINTERS,2,,,,printers,,,,,,626-6741,,Business,printing shop,"Media, printing & entertainment",high,trade/name keyword,1485,Commercial
1968,1485,1485,,,SINGERS RUG-CARPET,1,,,,"carpet,rug",,,,,,683-1737,,Business,carpet / floor covering,"Home furnishings, hardware & appliances",high,trade/name keyword,1485,Commercial
1987,1485,1485,,,BEN'S SHOP,1,Y,,Y,shop,,,,,,482-1495,,Business,shop (type not stated),General & specialty retail,low,name only,1485,Commercial
1964,1486,1486,,,PIZZOLI FRANK,1,,,,,,,,,,MA4-5318,,Residential,,,low,1964-68 printouts often drop trades; bare name with no other evidence,1486,Residential – single-family
1965,1486,1486,,,PIZZOLI FRANK,1,,,,,,,,,,MA4-5318,,Residential,,,low,1964-68 printouts often drop trades; bare name with no other evidence,1486,Residential – single-family
1968,1486,1486,,,PIZZOLI FRANK,1,,,,,,,,,,624-5318,,Residential,,,low,1964-68 printouts often drop trades; bare name with no other evidence,1486,Residential – multifamily
1960,1486¼,1486,Y,,Ascencio Carmen,1,,,,,,,,,,MA 8-2914,,Residential,,,medium,bare name; this directory usually adds a trade for businesses,1486,Residential – multifamily
1968,1486¼,1486,Y,,CRUZ A M,1,,,,,,,,,,628-5761,,Residential,,,low,1964-68 printouts often drop trades; bare name with no other evidence,1486,Residential – multifamily
1987,1486¼,1486,Y,,Green Wilfred,1,N,,,,,,,,,250-5583,,Residential,,,high,1987 sets residents in mixed case,1486,Residential – multifamily
1968,1486½,1486,Y,,GARNIER A,1,,,,,,,,,,626-3795,,Residential,,,low,1964-68 printouts often drop trades; bare name with no other evidence,1486,Residential – multifamily
1973,1486½,1486,Y,,Herring Arturo,1,,,,,,,,,,625-2081,,Residential,,,medium,"bare personal name, no business name",1486,Residential – single-family
1960,1486¾,1486,Y,,Brito Sixto,2,,,,,,,,,,MA 8-7966,,Residential,,,medium,bare name; this directory usually adds a trade for businesses,1486,Residential – multifamily
1960,1486¾,1486,Y,,Gomez Antonia,2,,,,,,,,,,MA 6-1184,,Residential,,,medium,bare name; this directory usually adds a trade for businesses,1486,Residential – multifamily
1968,1486¾,1486,Y,,GOMEZ R,1,,,,,,,,,,629-8162,,Residential,,,medium,bare name; same surname listed as a resident here in another year,1486,Residential – multifamily
1987,1486¾,1486,Y,,Thang Met,1,N,,,,,,,,,481-8162,,Residential,,,high,1987 sets residents in mixed case,1486,Residential – multifamily
1956,1487,1487,,,Singer Carpet & Rug Co,4,,,Y,"carpet,rug",,,,,,MA 5-1491,,Business,carpet / floor covering,"Home furnishings, hardware & appliances",high,trade/name keyword,1487,Commercial
1956,1487,1487,,,Singer Rug & Carpet Co,4,,,Y,"carpet,rug",,,,,,MA 5-1491,,Business,carpet / floor covering,"Home furnishings, hardware & appliances",high,trade/name keyword,1487,Commercial
1956,1487,1487,,,Singer's Carpet & Rug Co,4,,,Y,"carpet,rug",,,,,,MA 5-1491,,Business,carpet / floor covering,"Home furnishings, hardware & appliances",high,trade/name keyword,1487,Commercial
1956,1487,1487,,,Singer's Rug & Carpet Co,4,,,Y,"carpet,rug",,,,,,MA 5-1491,,Business,carpet / floor covering,"Home furnishings, hardware & appliances",high,trade/name keyword,1487,Commercial
1960,1487,1487,,,Quality Glass & Mirror Co,1,,,Y,"glass,mirror",,,,,,MA 8-3842,,Business,glass & mirror shop,"Home furnishings, hardware & appliances",high,trade/name keyword,1487,Commercial
1964,1487,1487,,,QUALITY GLASS-MIRROR,1,,,,"glass,mirror",,,,,,MA8-3842,,Business,glass & mirror shop,"Home furnishings, hardware & appliances",high,trade/name keyword,1487,Commercial
1965,1487,1487,,,QUALITY GLASS-MIRROR,1,,,,"glass,mirror",,,,,,MA8-3842,,Business,glass & mirror shop,"Home furnishings, hardware & appliances",high,trade/name keyword,1487,Commercial
1968,1487,1487,,,QUALITY GLASS-MIRROR,1,,,,"glass,mirror",,,,,,628-3842,,Business,glass & mirror shop,"Home furnishings, hardware & appliances",high,trade/name keyword,1487,Commercial
1973,1487,1487,,,Quality Glass & Mirror Co,1,,,Y,"glass,mirror",,,,,,628-3842,,Business,glass & mirror shop,"Home furnishings, hardware & appliances",high,trade/name keyword,1487,Commercial
1987,1487,1487,,,CITI GROCERY WHSE,1,Y,,,"grocer,whse",,,,,,482-4803,,Business,grocery / market,Food stores,high,trade/name keyword,1487,Commercial
1927,1488,1488,,,Gray Olga,3,,,,,,,,,,MU 2013,,Residential,,,medium,bare name; this directory adds a trade for businesses,1488,Residential – multifamily
1927,1488,1488,,#B,Thomasson E B,3,,,,,,,,,,MU 6550,,Residential,,,high,listed by unit number,1488,Residential – multifamily
1927,1488,1488,,#D,Tassey Walter J,3,,,,,,,,,,MU 7798,,Residential,,,high,listed by unit number,1488,Residential – multifamily
1956,1488,1488,,,Zacsek Anna r,1,,,,,Y,,,,,MU-2013,,Residential,,,medium,bare name; this directory usually adds a trade for businesses; trailing 'r',1488,Residential – single-family
1960,1488,1488,,,Smith Lydia,1,,,,,,,,,,MA 5-1790,,Residential,,,medium,bare name; this directory usually adds a trade for businesses,1488,Residential – single-family
1964,1488,1488,,,SMITH LYDIA,1,,,,,,,,,,MA5-1790,,Residential,,,medium,bare name; same surname listed as a resident here in another year,1488,Residential – single-family
1965,1488,1488,,,SMITH LYDIA,1,,,,,,,,,,MA5-1790,,Residential,,,medium,bare name; same surname listed as a resident here in another year,1488,Residential – single-family
1968,1488,1488,,,ESPARZA A R,1,,,,,,,,,,624-0624,,Residential,,,low,1964-68 printouts often drop trades; bare name with no other evidence,1488,Residential – single-family
1973,1488,1488,,,Zubia Edw,1,,,,,,,,,,628-8680,,Residential,,,medium,"bare personal name, no business name",1488,Residential – single-family
1960,1489,1489,,,Emidio's Italian & American Food Mart,1,,,Y,food,,,,,,MA 9-2977,,Business,deli / specialty food,Food stores,high,trade/name keyword,1489,Commercial
1964,1489,1489,,,EMIDIOS ITALIAN-,1,,,,,,,,,,MA9-2977,,Business,deli / specialty food,Food stores,high,truncated 'Emidio's Italian & American Food Mart',1489,Commercial
1965,1489,1489,,,EMIDIOS ITALIAN-,1,,,,,,,,,,MA9-2977,,Business,deli / specialty food,Food stores,high,truncated 'Emidio's Italian & American Food Mart',1489,Commercial
1968,1489,1489,,,EMIDIOS ITALIAN-,1,,,,,,,,,,629-2977,,Business,deli / specialty food,Food stores,high,truncated 'Emidio's Italian & American Food Mart',1489,Commercial
1973,1489,1489,,,Emidio's Italian & American Food Mart,1,,,Y,food,,,,,,629-2977,,Business,deli / specialty food,Food stores,high,trade/name keyword,1489,Commercial
1987,1492,1492,,,Hoang Chan,1,N,,,,,,,,,481-0703,,Residential,,,high,1987 sets residents in mixed case,1492,Residential – single-family
1956,1494,1494,,,Engstrom Josephine,1,,,,,,,,,,MA 6-3981,,Residential,,,medium,bare name; this directory usually adds a trade for businesses,1494,Residential – single-family
1960,1494,1494,,,Engstrom Josephine,1,,,,,,,,,,MA 6-3981,,Residential,,,medium,bare name; this directory usually adds a trade for businesses,1494,Residential – single-family
1964,1494,1494,,,ENGSTROM JOSEPHINE,1,,,,,,,,,,MA6-3981,,Residential,,,medium,bare name; same surname listed as a resident here in another year,1494,Residential – single-family
1965,1494,1494,,,ENGSTROM JOSEPHINE,1,,,,,,,,,,MA6-3981,,Residential,,,medium,bare name; same surname listed as a resident here in another year,1494,Residential – single-family
1968,1494,1494,,,ENGSTROM JOSEPHINE,1,,,,,,,,,,626-3981,,Residential,,,medium,bare name; same surname listed as a resident here in another year,1494,Residential – single-family
1906,1498,1498,,,Richardson A I,2,,,,,,,,,,,,Residential,,,medium,bare name; this directory adds a trade for businesses,1498,Residential – single-family
1906,1498,1498,,,Ramsey G M,2,,,,,,,,,,,,Residential,,,medium,bare name; this directory adds a trade for businesses,1498,Residential – single-family
1927,1498,1498,,,Hess J L,1,,,,,,,,,,FA 3480,,Residential,,,medium,bare name; this directory adds a trade for businesses,1498,Residential – single-family
1956,1498,1498,,,Bowes Katherine r,1,,,,,Y,,,,,MI 0615,,Residential,,,medium,bare name; this directory usually adds a trade for businesses; trailing 'r',1498,Residential – single-family
1960,1498,1498,,,Thomae Martha,1,,,,,,,,,,MA 4-0615,,Residential,,,medium,bare name; this directory usually adds a trade for businesses,1498,Residential – single-family
1964,1498,1498,,,THOMAE MARTHA,1,,,,,,,,,,MA4-0615,,Residential,,,medium,bare name; same surname listed as a resident here in another year,1498,Residential – single-family
1965,1498,1498,,,THOMAE MARTHA,1,,,,,,,,,,MA4-0615,,Residential,,,medium,bare name; same surname listed as a resident here in another year,1498,Residential – single-family
1968,1498,1498,,,THOMAE MARTHA,1,,,,,,,,,,624-0615,,Residential,,,medium,bare name; same surname listed as a resident here in another year,1498,Residential – single-family
1973,1498,1498,,,Shipp Jas,1,,,,,,,,,,625-8685,,Residential,,,medium,"bare personal name, no business name",1498,Residential – single-family
1987,1498,1498,,,BODHI GARDENS,7,Y,,,,,,,,,250-9023,,Business,unidentified business (name only),Unidentified business,low,name only,1498,Commercial
1987,1498,1498,,,TRINH THI-HUNG,7,Y,,,,,,,,,481-2700,,Business,unidentified business (personal name in capitals),Unidentified business,low,1987 sets businesses in capitals; no trade given,1498,Commercial
1987,1498,1498,,#1,WONG REALTY & INVESTMENT,7,Y,,Y,"investment,realty",,,,,,481-1831,,Business,real estate / property,"Finance, insurance & real estate",high,trade/name keyword,1498,Commercial
1987,1498,1498,,#1,DYNASTY PRINTING & DESIGN CO,7,Y,,Y,printing,,,,,,977-1186,,Business,printing shop,"Media, printing & entertainment",high,trade/name keyword,1498,Commercial
1987,1498,1498,,#3,WING WAH MARKET,7,Y,,,market,,,,,,481-1401,,Business,grocery / market,Food stores,high,trade/name keyword,1498,Commercial
1987,1498,1498,,#5,DOANH DOANH RESTAURANT,7,Y,,,restaurant,,,,,,250-5190,,Business,restaurant / cafe,Restaurants & bars,high,trade/name keyword,1498,Commercial
1987,1498,1498,,#7,KAMURA TAX SERVICE,7,Y,,,tax,,,,,,250-4860,,Business,tax preparation,Professional & business services,high,trade/name keyword,1498,Commercial
1956,1500,1500,,,Alvarez Carlos,1,,,,,,,,,,MI 0302,,Residential,,,medium,bare name; this directory usually adds a trade for businesses,1500,Residential – multifamily
1968,1500,1500,,,RUIZ C,1,,,,,,,,,,628-8790,,Residential,,,low,1964-68 printouts often drop trades; bare name with no other evidence,1500,Residential – single-family
1927,1500½,1500,Y,,Natho H Miss,1,,Miss,,,,,,,,MU 3488,,Residential,,,medium,bare name; this directory adds a trade for businesses,1500,Residential – single-family
1956,1500½,1500,Y,,Newgaard Laura T,1,,,,,,,,,,MI 4504,,Residential,,,medium,bare name; this directory usually adds a trade for businesses,1500,Residential – multifamily
1960,1500½,1500,Y,,Wilkinson Peggy,1,,,,,,,,,,MA 5-8408,,Residential,,,medium,bare name; this directory usually adds a trade for businesses,1500,Residential – single-family
1956,1501,1501,,,Frances' Beauty Salon,1,,,,"beauty,salon",,,,,,MU 9449,,Business,beauty salon,Personal services,high,trade/name keyword,1501,Commercial
1964,1501,1501,,,BARNARD VAN-STORAGE,1,,,,"storage,van",,,,,,MA8-3962,,Business,moving & storage,"Light industrial, trades & wholesale",high,trade/name keyword,1501,Commercial
1965,1501,1501,,,BARNARD VAN-STORAGE,1,,,,"storage,van",,,,,,MA8-3962,,Business,moving & storage,"Light industrial, trades & wholesale",high,trade/name keyword,1501,Commercial
1968,1501,1501,,,JAKOBSEN R A,1,,,,,,,,,,626-1615,,Residential,,,low,1964-68 printouts often drop trades; bare name with no other evidence,1501,Residential – single-family
1973,1501,1501,,,Nayarit Gift Shop,1,,,,"gift,shop",,,,,,626-9698,,Business,gift / florist / toy shop,General & specialty retail,high,trade/name keyword,1501,Commercial
1987,1501,1501,,,MATHEWS MARCOS,7,Y,,,,,,,,,250-5841,,Business,unidentified business (personal name in capitals),Unidentified business,low,1987 sets businesses in capitals; no trade given,1501,Mixed-use
1987,1501,1501,,#100,RAMOS ADALBERTO J DDS,7,Y,DDS,,,,,,,,250-3285,,Business,dentist's office,Health & medical,high,trade/name keyword,1501,Mixed-use
1987,1501,1501,,#101,PEREZ FREDY OD,7,Y,OD,,,,,,,,250-5768,,Business,optometrist's office,Health & medical,high,trade/name keyword,1501,Mixed-use
1987,1501,1501,,#202,MONTEAGUDO DELFI DR,7,Y,,,,,,,,,250-5688,,Business,physician's office,Health & medical,high,trade/name keyword,1501,Mixed-use
1987,1501,1501,,#202,SUNSET HOLISTIC CENTER,7,Y,,,,,,,,,482-5005,,Business,holistic health center,Health & medical,high,trade/name keyword,1501,Mixed-use
1987,1501,1501,,#202,MONTEAGUDO DELFI DR,7,Y,,,,,,,,,666-5657,,Business,physician's office,Health & medical,high,trade/name keyword,1501,Mixed-use
1987,1501,1501,,#203,SANABRIA E L,7,Y,,,,,,,,,250-1174,,Residential,,,low,"1987 capitals usually mean a business, but this is a unit in an apartment building",1501,Mixed-use
1960,1502,1502,,,Kerdikes Peter,1,,,,,,,,,,MA 6-1939,,Residential,,,medium,bare name; this directory usually adds a trade for businesses,1502,Residential – multifamily
1964,1502,1502,,,OAXACA ANGELINA,1,,,,,,,,,,626-1094,,Residential,,,low,1964-68 printouts often drop trades; bare name with no other evidence,1502,Residential – single-family
1965,1502,1502,,,CORDOBA A,1,,,,,,,,,,626-0729,,Residential,,,low,1964-68 printouts often drop trades; bare name with no other evidence,1502,Residential – single-family
1968,1502,1502,,,CORDOBA A,1,,,,,,,,,,626-0729,,Residential,,,low,1964-68 printouts often drop trades; bare name with no other evidence,1502,Residential – multifamily
1927,1502½,1502,Y,,Armstrong Richard,1,,,,,,,,,,MU 6574,,Residential,,,medium,bare name; this directory adds a trade for businesses,1502,Residential – single-family
1960,1502½,1502,Y,,Delill Jos A,1,,,,deli,,,,,,MA 8-9806,,Residential,,,medium,bare name; this directory usually adds a trade for businesses,1502,Residential – multifamily
1968,1502½,1502,Y,,MUELLER K,1,,,,,,,,,,628-9784,,Residential,,,low,1964-68 printouts often drop trades; bare name with no other evidence,1502,Residential – multifamily
1956,1503,1503,,,Brinkworth F M r,1,,,,,Y,,,,,MU-6883,,Residential,,,medium,bare name; this directory usually adds a trade for businesses; trailing 'r',1503,Residential – single-family
1968,1503,1503,,,DOLORES SHOP,1,,,,shop,,,,,,628-5829,,Business,shop (type not stated),General & specialty retail,low,name only,1503,Commercial
1973,1503,1503,,,Coffey Lee,1,,,,,,,,,,628-3454,,Residential,,,medium,"bare personal name, no business name",1503,Residential – single-family
1927,1506,1506,,,Smith F W,1,,,,,,,,,,ME 0209,,Residential,,,medium,bare name; this directory adds a trade for businesses,1506,Residential – single-family
1956,1506,1506,,,Ball Nannie C,2,,,,,,,,,,MI 8598,,Residential,,,medium,bare name; this directory usually adds a trade for businesses,1506,Residential – single-family
1956,1506,1506,,,Dow Florence H r,2,,,,,Y,,,,,MI-1545,,Residential,,,medium,bare name; this directory usually adds a trade for businesses; trailing 'r',1506,Residential – single-family
1965,1506,1506,,,SANDELIN R M,1,,,,,,,,,,626-2588,,Residential,,,low,1964-68 printouts often drop trades; bare name with no other evidence,1506,Residential – single-family
1987,1508,1508,,,LIQUOR ROYALE,1,Y,,,liquor,,,,,,250-0396,,Business,liquor store,Food stores,high,trade/name keyword,1508,Commercial
1956,1509,1509,,,Wallic W Roy Television & Radio,2,,,Y,"radio,television",,,,,,MU 6867,,Business,TV / radio sales & repair,"Home furnishings, hardware & appliances",high,trade/name keyword,1509,Mixed-use
1956,1509,1509,,,Wallick W Roy Television & Radio,2,,,Y,"radio,television",,,,,,MU 6867,,Business,TV / radio sales & repair,"Home furnishings, hardware & appliances",high,trade/name keyword,1509,Mixed-use
1960,1509,1509,,,Wallic W Roy Television & Radio,1,,,Y,"radio,television",,,,,,MA 8-6867,,Business,TV / radio sales & repair,"Home furnishings, hardware & appliances",high,trade/name keyword,1509,Mixed-use
1964,1509,1509,,,WALLICK W ROY,1,,,,,,,,,,MA8-6867,,Business,TV / radio sales & repair,"Home furnishings, hardware & appliances",high,"1956-60 'Wallick W Roy Television & Radio', same phone",1509,Commercial
1965,1509,1509,,,WALLICK W ROY,1,,,,,,,,,,MA8-6867,,Business,TV / radio sales & repair,"Home furnishings, hardware & appliances",high,"1956-60 'Wallick W Roy Television & Radio', same phone",1509,Commercial
1968,1509,1509,,,CASA-REY RADIO-TV,1,,,,"radio,tv",,,,,,623-2856,,Business,TV / radio sales & repair,"Home furnishings, hardware & appliances",high,trade/name keyword,1509,Commercial
1973,1509,1509,,,Casa-Rey Radio & Television,1,,,Y,"radio,television",,,,,,623-2856,,Business,TV / radio sales & repair,"Home furnishings, hardware & appliances",high,trade/name keyword,1509,Commercial
1956,1509½,1509,Y,,Hernandez Lucy T,1,,,,,,,,,,MU 6882,,Residential,,,medium,bare name; this directory usually adds a trade for businesses,1509,Mixed-use
1960,1509½,1509,Y,,Johnson C L,1,,,,,,,,,,MA 8-9821,,Residential,,,medium,bare name; this directory usually adds a trade for businesses,1509,Mixed-use
1956,1511,1511,,,Central Sales & Serv Co,1,,,Y,,,,,,,MU 4890,,Business,sales & service co. (type not stated),Unidentified business,low,name only,1511,Commercial
1960,1511,1511,,,Central Sales & Serv Co,2,,,Y,,,,,,,MA 8-4890,,Business,sales & service co. (type not stated),Unidentified business,low,name only,1511,Commercial
1960,1511,1511,,,Kelt Peter Central Sales & Serv Co,2,,,Y,,,,,,,MA 8-4890,,Business,sales & service co. (type not stated),Unidentified business,low,name only,1511,Commercial
1964,1511,1511,,,CENTRAL SALES-SERV,1,,,,,,,,,,MA8-4890,,Business,sales & service co. (type not stated),Unidentified business,low,name only,1511,Commercial
1965,1511,1511,,,CENTRAL SALES-SERV,1,,,,,,,,,,MA8-4890,,Business,sales & service co. (type not stated),Unidentified business,low,name only,1511,Commercial
1968,1511,1511,,,CENTRAL SALES-SERV,1,,,,,,,,,,628-4890,,Business,sales & service co. (type not stated),Unidentified business,low,name only,1511,Commercial
1973,1511,1511,,,Carmela's,1,,,Y,,,,,,,622-6038,,Business,unidentified business (name only),Unidentified business,low,possessive business name,1511,Commercial
1987,1511,1511,,,CARMELA'S,1,Y,,Y,,,,,,,250-2481,,Business,unidentified business (name only),Unidentified business,low,possessive business name,1511,Commercial
1906,1512,1512,,,Stemler R G,1,,,,,,,,,,,,Residential,,,medium,bare name; this directory adds a trade for businesses,1512,Residential – single-family
1964,1513½,1513,Y,,ZUNIGA ENRIQUE,1,,,,,,,,,,MA5-8137,,Residential,,,medium,bare name; same surname listed as a resident here in another year,1513,Residential – single-family
1965,1513½,1513,Y,,ZUNIGA ENRIQUE,1,,,,,,,,,,MA5-8137,,Residential,,,medium,bare name; same surname listed as a resident here in another year,1513,Residential – single-family
1968,1513½,1513,Y,,ZUNIGA ENRIQUE,1,,,,,,,,,,625-8137,,Residential,,,medium,bare name; same surname listed as a resident here in another year,1513,Residential – single-family
1973,1513½,1513,Y,,Zuniga Enrique,1,,,,,,,,,,625-8137,,Residential,,,medium,"bare personal name, no business name",1513,Residential – single-family
1987,1513½,1513,Y,,ZUNIGA ENRIQUE,1,Y,,,,,,,,,250-0112,,Business,unidentified business (personal name in capitals),Unidentified business,low,1987 sets businesses in capitals; no trade given,1513,Commercial
1956,1515,1515,,,El A-Mexico Delicatessen & Tortilleria,2,,,Y,"deli,tortilleria",,,,,,MI 5677,,Business,deli / specialty food,Food stores,high,trade/name keyword,1515,Commercial
1956,1515,1515,,,Gomez Casimiro R El A-Mexico Delicatessen & Tortilleria,2,,,Y,"deli,tortilleria",,,,,,MI 5677,,Business,deli / specialty food,Food stores,high,trade/name keyword,1515,Commercial
1960,1515,1515,,,Lilias Restaurant,1,,,,restaurant,,,,,,MA 8-0541,,Business,restaurant / cafe,Restaurants & bars,high,trade/name keyword,1515,Commercial
1964,1515,1515,,,MIDNIGHT SUN,1,,,,,,,,,,688-9386,,Business,bar or restaurant (likely),Restaurants & bars,low,name only; restaurant before and tavern after at same address,1515,Commercial
1965,1515,1515,,,MIDNIGHT SUN,1,,,,,,,,,,688-9386,,Business,bar or restaurant (likely),Restaurants & bars,low,name only; restaurant before and tavern after at same address,1515,Commercial
1968,1515,1515,,,LA BOTANA-TAVRN,1,,,,tavrn,,,,,,689-9610,,Business,bar / cocktail lounge,Restaurants & bars,high,trade/name keyword,1515,Commercial
1973,1515,1515,,,Woodstock Gallery,1,,,,,,,,,,628-1481,,Business,art gallery / shop,General & specialty retail,medium,'Gallery',1515,Commercial
1987,1515,1515,,,CAPRI BEAUTY SALON,2,Y,,,"beauty,salon",,,,,,250-3859,,Business,beauty salon,Personal services,high,trade/name keyword,1515,Commercial
1987,1515,1515,,,CAPRI BEAUTY SALON,2,Y,,,"beauty,salon",,,,,,977-9081,,Business,beauty salon,Personal services,high,trade/name keyword,1515,Commercial
1956,1516,1516,,,Standard Oil Co of Calif Standard Stns Inc L A Serv Stns Sunset & Laveta,1,,,Y,"oil,serv stn",,,,,,MA 9-8531,,Business,gas / service station,Auto sales & service,high,trade/name keyword,1516,Commercial
1960,1516,1516,,,Standard Oil Co of Calif Western Operations Inc standard stns inc Los Angeles Sunset & Laveta,1,,,Y,oil,,,,,,MA 4-5739,,Business,gas / service station,Auto sales & service,high,trade/name keyword,1516,Commercial
1964,1516,1516,,,STANDARD OIL SERV STN,1,,,,"oil,serv stn",,,,,,MA4-5739,,Business,gas / service station,Auto sales & service,high,trade/name keyword,1516,Commercial
1965,1516,1516,,,STANDARD OIL SERV STN,1,,,,"oil,serv stn",,,,,,MA4-5739,,Business,gas / service station,Auto sales & service,high,trade/name keyword,1516,Commercial
1968,1516,1516,,,ALEXS CHEVRON,2,,,,chevron,,,,,,688-8377,,Business,gas / service station,Auto sales & service,high,trade/name keyword,1516,Commercial
1968,1516,1516,,,ALEX YAVORSKYS CHVRN,2,,,,,,,,,,622-2956,,Business,gas / service station,Auto sales & service,high,trade/name keyword,1516,Commercial
1987,1516,1516,,,HUGO JEWELERS,1,Y,,,jewel,,,,,,250-0409,,Business,jewelry store,General & specialty retail,high,trade/name keyword,1516,Commercial
1956,1517,1517,,,Pan C W,1,,,,,,,,,,MU 3966,,Residential,,,medium,bare name; this directory usually adds a trade for businesses,1517,Residential – single-family
1960,1517,1517,,,Herrera Juan,1,,,,,,,,,,MA 9-3854,,Residential,,,medium,bare name; this directory usually adds a trade for businesses,1517,Residential – single-family
1987,1518,1518,,,ARMANDO'S TAILORING,1,Y,,Y,tailor,,,,,,250-3327,,Business,tailor,Personal services,high,trade/name keyword,1518,Commercial
1927,1519,1519,,,Kaufman Joseph,1,,,,,,,,,,FA 0380,,Residential,,,medium,bare name; this directory adds a trade for businesses,1519,Residential – single-family
1956,1519,1519,,,Calif Donut Shop,1,,,,"donut,shop",,,,,,MA 6-3026,,Business,donut shop,Restaurants & bars,high,trade/name keyword,1519,Mixed-use
1973,1519,1519,,,Cinco,1,,,,,,,,,,622-8592,,Business,unidentified business (name only),Unidentified business,low,name only,1519,Commercial
1987,1519,1519,,,MARLANEY'S NAIL SALON & BEAUTY SUPPLY,1,Y,,Y,"beauty,nail,salon",,,,,,482-9747,,Business,beauty supply store,General & specialty retail,high,trade/name keyword,1519,Commercial
1956,1519½,1519,Y,,De Kool Garnet Mrs,1,,Mrs,,,,,,,,MA 9-3055,,Residential,,,medium,bare name; this directory usually adds a trade for businesses,1519,Mixed-use
1964,1519½,1519,Y,,HERNANDEZ ARMANDO,1,,,,,,,,,,MA8-8719,,Residential,,,low,1964-68 printouts often drop trades; bare name with no other evidence,1519,Residential – single-family
1987,1522,1522,,,VILLAGE PIZZA,1,Y,,,pizza,,,,,,250-1947,,Business,pizzeria,Restaurants & bars,high,trade/name keyword,1522,Commercial
1973,1524,1524,,,Patra Burgers,1,,,,burger,,,,,,485-0062,,Business,restaurant / cafe,Restaurants & bars,high,trade/name keyword,1524,Commercial
1987,1524,1524,,,PATRA BURGERS,1,Y,,,burger,,,,,,250-0301,,Business,restaurant / cafe,Restaurants & bars,high,trade/name keyword,1524,Commercial
1956,1525,1525,,,Emidio's Italian & American Food Mart,1,,,Y,food,,,,,,MA 9-2977,,Business,deli / specialty food,Food stores,high,trade/name keyword,1525,Commercial
1960,1525,1525,,,Stefan's Italian & American Restaurant,1,,,Y,restaurant,,,,,,MA 8-9647,,Business,restaurant / cafe,Restaurants & bars,high,trade/name keyword,1525,Commercial
1964,1525,1525,,,TONITAS RESTRNT,1,,,,restrnt,,,,,,689-9569,,Business,restaurant / cafe,Restaurants & bars,high,trade/name keyword,1525,Commercial
1965,1525,1525,,,TONITAS RESTRNT,1,,,,restrnt,,,,,,689-9569,,Business,restaurant / cafe,Restaurants & bars,high,trade/name keyword,1525,Commercial
1968,1525,1525,,,TONITAS RESTRNT,1,,,,restrnt,,,,,,689-9569,,Business,restaurant / cafe,Restaurants & bars,high,trade/name keyword,1525,Commercial
1973,1525,1525,,,Tonitas Restaurant,1,,,,restaurant,,,,,,689-9569,,Business,restaurant / cafe,Restaurants & bars,high,trade/name keyword,1525,Commercial
1956,1527,1527,,,Anna's Dressmaking & Alterations,1,,,Y,dressmak,,,,,,MA 6-5986,,Business,dressmaker / alterations,Personal services,high,trade/name keyword,1527,Commercial
1960,1527,1527,,,Frances' Beauty Salon,1,,,,"beauty,salon",,,,,,MA 8-9449,,Business,beauty salon,Personal services,high,trade/name keyword,1527,Commercial
1964,1527,1527,,,FRANCES BEAUTY SALON,1,,,,"beauty,salon",,,,,,MA8-9449,,Business,beauty salon,Personal services,high,trade/name keyword,1527,Commercial
1965,1527,1527,,,FRANCES BEAUTY SALON,1,,,,"beauty,salon",,,,,,MA8-9449,,Business,beauty salon,Personal services,high,trade/name keyword,1527,Commercial
1968,1527,1527,,,FRANCES BEAUTY SALON,1,,,,"beauty,salon",,,,,,628-9449,,Business,beauty salon,Personal services,high,trade/name keyword,1527,Commercial
1973,1527,1527,,,Frances' Beauty Salon,1,,,,"beauty,salon",,,,,,628-9449,,Business,beauty salon,Personal services,high,trade/name keyword,1527,Commercial
1987,1527,1527,,,RAY'S BARBER SHOP,1,Y,,Y,"barber,shop",,,,,,250-3217,,Business,barber shop,Personal services,high,trade/name keyword,1527,Commercial
1906,1528,1528,,,Sweet O W,1,,,,,,,,,,,,Residential,,,medium,bare name; this directory adds a trade for businesses,1528,Residential – single-family
1927,1528,1528,,,Neeland John S,1,,,,,,,,,,FA 0641,,Residential,,,medium,bare name; this directory adds a trade for businesses,1528,Residential – single-family
1956,1528,1528,,,Blue Goose Mkt,1,,,,mkt,,,,,,MA 5-0566,,Business,grocery / market,Food stores,high,trade/name keyword,1528,Commercial
1960,1528,1528,,,Blue Goose Mkt,1,,,,mkt,,,,,,MA 5-0566,,Business,grocery / market,Food stores,high,trade/name keyword,1528,Commercial
1965,1528,1528,,,SUNSET BLVD LOAN,1,,,,loan,,,,,,628-2731,,Business,finance / loan company,"Finance, insurance & real estate",high,trade/name keyword,1528,Commercial
1968,1528,1528,,,CARIBE FURNITURE,1,,,,furn,,,,,,626-2702,,Business,furniture store,"Home furnishings, hardware & appliances",high,trade/name keyword,1528,Commercial
1973,1528,1528,,,White Cross Store No 38,1,,,,store,,,,,,626-7949,,Business,"chain store, likely drugstore (White Cross)",Health & medical,low,"numbered chain store; White Cross as a drug chain is general knowledge, not verified",1528,Commercial
1987,1528,1528,,,MARTIN'S AUTO PARTS NO 2,1,Y,,Y,auto,,,,,,250-5865,,Business,auto parts store,Auto sales & service,high,trade/name keyword,1528,Commercial
1960,1529,1529,,,Hale Luis brbr,1,,,,brbr,,,,,,MA 8-1645,,Business,barber shop,Personal services,high,trade/name keyword,1529,Commercial
1964,1529,1529,,,HALE L,1,,,,,,,,,,MA8-1645,,Business,barber shop,Personal services,high,"1960 'Hale Luis brbr', same phone",1529,Commercial
1965,1529,1529,,,BOULEVARD BARBR SHOP,1,,,,shop,,,,,,628-1645,,Business,barber shop,Personal services,high,trade/name keyword,1529,Commercial
1968,1529,1529,,,BOULEVARD BARBR SHOP,1,,,,shop,,,,,,628-1645,,Business,barber shop,Personal services,high,trade/name keyword,1529,Commercial
1973,1529,1529,,,Dolores' Shop,1,,,,shop,,,,,,485-1386,,Business,shop (type not stated),General & specialty retail,low,name only,1529,Commercial
1987,1529,1529,,,REYES EUSEBIO J,1,Y,,,,,,,,,250-3024,,Business,unidentified business (personal name in capitals),Unidentified business,low,1987 sets businesses in capitals; no trade given,1529,Commercial
1956,1530,1530,,,Kay Harry J mdsng,1,,,,,,,,,,MU 2609,,Business,merchandise / general goods,General & specialty retail,low,'mdsng',1530,Commercial
1960,1530,1530,,,Dora's Shoppe,1,,,Y,shop,,,,,,MA 8-1970,,Business,shop (type not stated),General & specialty retail,low,name only,1530,Commercial
1965,1530,1530,,,SUCURSAL S,1,,,,,,,,,,MA8-7436,,Business,unidentified business (name only),Unidentified business,low,'sucursal' = branch office,1530,Commercial
1973,1530,1530,,,Capri Beauty Salon,2,,,,"beauty,salon",,,,,,626-9201,,Business,beauty salon,Personal services,high,trade/name keyword,1530,Commercial
1973,1530,1530,,,Capri Beauty Salon,2,,,,"beauty,salon",,,,,,688-8456,,Business,beauty salon,Personal services,high,trade/name keyword,1530,Commercial
1987,1530,1530,,,INTERNATIONAL BEAUTY SALON,1,Y,,,"beauty,salon",,,,,,977-9021,,Business,beauty salon,Personal services,high,trade/name keyword,1530,Commercial
1956,1530½,1530,Y,,Zuk S r,1,,,,,Y,,,,,MU 1779,,Business,shoe store,"Apparel, shoes & fabric",medium,same phone as 'Zuk S shoe store' 1960-68,1530,Commercial
1960,1530½,1530,Y,,Zuk S shoe store,1,,,,"shoe,store",,,,,,MA 8-1779,,Business,shoe store,"Apparel, shoes & fabric",high,trade/name keyword,1530,Commercial
1964,1530½,1530,Y,,ZUK S SHOE STORE,1,,,,"shoe,store",,,,,,MA8-1779,,Business,shoe store,"Apparel, shoes & fabric",high,trade/name keyword,1530,Commercial
1965,1530½,1530,Y,,ZUK S SHOE STORE,1,,,,"shoe,store",,,,,,MA8-1779,,Business,shoe store,"Apparel, shoes & fabric",high,trade/name keyword,1530,Commercial
1968,1530½,1530,Y,,ZUK S SHOE STORE,1,,,,"shoe,store",,,,,,628-1779,,Business,shoe store,"Apparel, shoes & fabric",high,trade/name keyword,1530,Commercial
1973,1530½,1530,Y,,Zuk S,1,,,,,,,,,,628-1779,,Business,shoe store,"Apparel, shoes & fabric",medium,same phone as 'Zuk S shoe store' 1960-68,1530,Commercial
1987,1530½,1530,Y,,CHAHIN TRAVEL,1,Y,,,travel,,,,,,482-1721,,Business,travel agency,Professional & business services,high,trade/name keyword,1530,Commercial
1960,1531,1531,,,D'Artista Emidio,1,,,,,,,,,,MA 8-1764,,Residential,,,medium,bare name; this directory usually adds a trade for businesses,1531,Residential – multifamily
1987,1531,1531,,,D'Avila Clementina,1,N,,,,,,,,,482-9745,,Residential,,,high,1987 sets residents in mixed case,1531,Residential – multifamily
1927,1531¼,1531,Y,,Fleming Edan G Mrs,1,,Mrs,,,,,,,,FA 4665,,Residential,,,medium,bare name; this directory adds a trade for businesses,1531,Mixed-use
1956,1531¼,1531,Y,,Watson Madeline,1,,,,,,,,,,MU 5704,,Residential,,,medium,bare name; this directory usually adds a trade for businesses,1531,Residential – multifamily
1964,1531¼,1531,Y,,IEZZA JOS,1,,,,,,,,,,MA8-1551,,Residential,,,low,1964-68 printouts often drop trades; bare name with no other evidence,1531,Residential – single-family
1965,1531¼,1531,Y,,ARIAS N,1,,,,,,,,,,628-5434,,Residential,,,low,1964-68 printouts often drop trades; bare name with no other evidence,1531,Residential – single-family
1927,1531½,1531,Y,,Nelson Clyde V Dr,1,,Dr,,,,,,,,FA 0383,,Business,physician's office,Health & medical,high,trade/name keyword,1531,Mixed-use
1956,1531½,1531,Y,,Miller Albert J r,1,,,,,Y,,,,,MI-5836,,Residential,,,medium,bare name; this directory usually adds a trade for businesses; trailing 'r',1531,Residential – multifamily
1960,1531½,1531,Y,,Capra Anthony,1,,,,,,,,,,MA 3-5461,,Residential,,,medium,bare name; this directory usually adds a trade for businesses,1531,Residential – multifamily
1987,1531½,1531,Y,,Rivas Esperanza,1,N,,,,,,,,,250-1958,,Residential,,,high,1987 sets residents in mixed case,1531,Residential – multifamily
1927,1531¾,1531,Y,,Poole Marjorie,1,,,,,,,,,,FA 5474,,Residential,,,medium,bare name; this directory adds a trade for businesses,1531,Mixed-use
1956,1531¾,1531,Y,,Santilli Elena,1,,,,,,,,,,MU 7065,,Residential,,,medium,bare name; this directory usually adds a trade for businesses,1531,Residential – multifamily
1973,1531¾,1531,Y,,Lizarraga Guadalupe,1,,,,,,,,,,626-4446,,Residential,,,medium,"bare personal name, no business name",1531,Residential – single-family
1906,1532,1532,,,Weaver C B,1,,,,,,,,,,,,Residential,,,medium,bare name; this directory adds a trade for businesses,1532,Residential – single-family
1956,1532,1532,,,Garcia Photography Studio,2,,,,"photo,studio",,,,,,MU 0498,,Business,photography / portrait studio,"Media, printing & entertainment",high,trade/name keyword,1532,Commercial
1956,1532,1532,,,Garcia Vidal photgrphr,2,,,,photgr,,,,,,MU 0498,if no ans call NO 2-2851,Business,photography / portrait studio,"Media, printing & entertainment",high,trade/name keyword,1532,Commercial
1964,1532,1532,,,ALMOS CORPORATION,1,,,,,,,,,,628-6697,,Business,unidentified business (name only),Unidentified business,low,"corporation, trade not stated",1532,Commercial
1965,1532,1532,,,UNIVERSAL PRODS-SALS,1,,,,,,,,,,628-6550,,Business,products sales (likely wholesale),"Light industrial, trades & wholesale",low,'prods-sals',1532,Commercial
1968,1532,1532,,,MAGDALENO R-TAVRN,1,,,,tavrn,,,,,,688-9069,,Business,bar / cocktail lounge,Restaurants & bars,high,trade/name keyword,1532,Commercial
1973,1532,1532,,,L & M Bar,1,,,Y,bar,,,,,,689-9039,,Business,bar / cocktail lounge,Restaurants & bars,high,trade/name keyword,1532,Commercial
1987,1532,1532,,,LOS PINOS,1,Y,,,,,,,,,977-9066,,Business,unidentified business (name only),Unidentified business,low,name only,1532,Commercial
1956,1533,1533,,,La Veta Clnrs,1,,,,clnrs,,,,,,MU-2459,,Business,laundry / dry cleaner,Personal services,high,trade/name keyword,1533,Commercial
1960,1533,1533,,,Sunset Trading Post,1,,,,,,,,,,MA 6-2718,,Business,department / variety / discount store,General & specialty retail,high,trade/name keyword,1533,Commercial
1964,1533,1533,,,SUNSET TRADING POST,1,,,,,,,,,,MA6-2718,,Business,department / variety / discount store,General & specialty retail,high,trade/name keyword,1533,Commercial
1965,1533,1533,,,SUNSET TRADING POST,1,,,,,,,,,,MA6-2718,,Business,department / variety / discount store,General & specialty retail,high,trade/name keyword,1533,Commercial
1968,1533,1533,,,SUNSET TRADING POST,1,,,,,,,,,,626-2718,,Business,department / variety / discount store,General & specialty retail,high,trade/name keyword,1533,Commercial
1973,1533,1533,,,Sunset Trading Post,1,,,,,,,,,,626-2718,,Business,department / variety / discount store,General & specialty retail,high,trade/name keyword,1533,Commercial
1987,1533,1533,,,SIMON VIDEO,1,Y,,,video,,,,,,977-4930,,Business,video store,"Media, printing & entertainment",high,trade/name keyword,1533,Commercial
1956,1534,1534,,,Cole F B Office Equipt Serv Co,3,,,Y,,,,,,,MU 5408,,Business,office machine sales & repair,General & specialty retail,high,trade/name keyword,1534,Commercial
1956,1534,1534,,,Office Equipt Serv Co,3,,,Y,,,,,,,MU 5408,,Business,office machine sales & repair,General & specialty retail,high,trade/name keyword,1534,Commercial
1956,1534,1534,,,Office Mach Serv Co,3,,,Y,,,,,,,MU 2989,,Business,office machine sales & repair,General & specialty retail,high,trade/name keyword,1534,Commercial
1960,1534,1534,,,Office Mach Serv Co,1,,,Y,,,,,,,MA 8-2989,,Business,office machine sales & repair,General & specialty retail,high,trade/name keyword,1534,Commercial
1964,1534,1534,,,OFFICE MACHINE,1,,,,,,,,,,MA8-2989,,Business,office machine sales & repair,General & specialty retail,high,trade/name keyword,1534,Commercial
1965,1534,1534,,,OFFICE MACHINE,1,,,,,,,,,,MA8-2989,,Business,office machine sales & repair,General & specialty retail,high,trade/name keyword,1534,Commercial
1968,1534,1534,,,OFFICE MACH SERV CO,1,,,Y,,,,,,,628-2989,,Business,office machine sales & repair,General & specialty retail,high,trade/name keyword,1534,Commercial
1973,1534,1534,,,Office Machine Service Co,1,,,Y,,,,,,,628-2989,,Business,office machine sales & repair,General & specialty retail,high,trade/name keyword,1534,Commercial
1956,1535,1535,,,Sunset Trading Post,1,,,,,,,,,,MA 6-2718,,Business,department / variety / discount store,General & specialty retail,high,trade/name keyword,1535,Commercial
1973,1535,1535,,,Rodolfo's,2,,,Y,,,,,,,623-3465,,Business,unidentified business (name only),Unidentified business,low,possessive business name,1535,Commercial
1973,1535,1535,,,Rodolfo's,2,,,Y,,,,,,,688-8679,,Business,unidentified business (name only),Unidentified business,low,possessive business name,1535,Commercial
1987,1535,1535,,,ECHO PARK TRADING POST,1,Y,,,,,,,,,482-9251,,Business,department / variety / discount store,General & specialty retail,high,trade/name keyword,1535,Commercial
1956,1536,1536,,,Plummer Jim,1,,,,,,,,,,MA 5-8548,,Residential,,,medium,bare name; this directory usually adds a trade for businesses,1536,Mixed-use
1960,1536,1536,,,Joe's Pizza Romana,1,,,Y,pizza,,,,,,MA 8-4019,,Business,pizzeria,Restaurants & bars,high,trade/name keyword,1536,Commercial
1964,1536,1536,,,FLORENCE DOUGHNT SHP,1,,,,doughnt,,,,,,628-2446,,Business,donut shop,Restaurants & bars,high,trade/name keyword,1536,Commercial
1965,1536,1536,,,FLORENCE DOUGHNT SHP,1,,,,doughnt,,,,,,628-2446,,Business,donut shop,Restaurants & bars,high,trade/name keyword,1536,Commercial
1968,1536,1536,,,BARRAGAN CAFE,1,,,,cafe,,,,,,688-9721,,Business,restaurant / cafe,Restaurants & bars,high,trade/name keyword,1536,Commercial
1973,1536,1536,,,Barragan Cafe,1,,,,cafe,,,,,,688-9721,,Business,restaurant / cafe,Restaurants & bars,high,trade/name keyword,1536,Commercial
1956,1536½,1536,Y,,Joe's Pizza Romana,2,,,Y,pizza,,,,,,MU 4019,,Business,pizzeria,Restaurants & bars,high,trade/name keyword,1536,Mixed-use
1956,1536½,1536,Y,,Siracusa Joe Joe's Pizza Romana,2,,,Y,pizza,,,,,,MU 4019,,Business,pizzeria,Restaurants & bars,high,trade/name keyword,1536,Mixed-use
1964,1537,1537,,,SUNSET THE-COCKTAILS,1,,,,cocktail,,,,,,628-9645,,Business,bar / cocktail lounge,Restaurants & bars,high,trade/name keyword,1537,Commercial
1965,1537,1537,,,SUNSET THE-COCKTAILS,1,,,,cocktail,,,,,,628-9645,,Business,bar / cocktail lounge,Restaurants & bars,high,trade/name keyword,1537,Commercial
1968,1537,1537,,,SUNSET THE-COCKTAILS,1,,,,cocktail,,,,,,628-9645,,Business,bar / cocktail lounge,Restaurants & bars,high,trade/name keyword,1537,Commercial
1973,1537,1537,,,Sunset The,1,,,,,,,,,,628-9645,,Business,bar / cocktail lounge,Restaurants & bars,high,"1964-68 'SUNSET THE-COCKTAILS', same phone",1537,Commercial
1960,1538,1538,,,Copper Lantern tavern,1,,,,tavern,,,,,,MA 6-2586,,Business,bar / cocktail lounge,Restaurants & bars,high,trade/name keyword,1538,Commercial
1964,1538,1538,,,COPPER LANTERN,1,,,,,,,,,,MA6-2586,,Business,bar / cocktail lounge,Restaurants & bars,high,1960 'Copper Lantern tavern',1538,Commercial
1965,1538,1538,,,COPPER LANTERN,1,,,,,,,,,,MA6-2586,,Business,bar / cocktail lounge,Restaurants & bars,high,1960 'Copper Lantern tavern',1538,Commercial
1987,1538,1538,,,BARRAGAN'S MEXICAN RESTAURANT,1,Y,,Y,restaurant,,,,,,250-4256,,Business,restaurant / cafe,Restaurants & bars,high,trade/name keyword,1538,Commercial
1956,1538½,1538,Y,,Gene's Beauty Shop,1,,,Y,"beauty,shop",,,,,,MA 6-7954,,Business,beauty salon,Personal services,high,trade/name keyword,1538,Commercial
1960,1538½,1538,Y,,Gene's Beauty Shop,1,,,Y,"beauty,shop",,,,,,MA 6-7954,,Business,beauty salon,Personal services,high,trade/name keyword,1538,Commercial
1964,1538½,1538,Y,,GENE BTY SHP,1,,,,bty,,,,,,MA6-7954,,Business,beauty salon,Personal services,high,trade/name keyword,1538,Commercial
1965,1538½,1538,Y,,GENE BTY SHP,1,,,,bty,,,,,,MA6-7954,,Business,beauty salon,Personal services,high,trade/name keyword,1538,Commercial
1964,1539,1539,,,SUNSET PRINTING,1,,,,printing,,,,,,MA5-3009,,Business,printing shop,"Media, printing & entertainment",high,trade/name keyword,1539,Commercial
1965,1539,1539,,,SUNSET PRINTING,1,,,,printing,,,,,,MA5-3009,,Business,printing shop,"Media, printing & entertainment",high,trade/name keyword,1539,Commercial
1968,1539,1539,,,SUNSET PRINTING,1,,,,printing,,,,,,625-3009,,Business,printing shop,"Media, printing & entertainment",high,trade/name keyword,1539,Commercial
1906,1540,1540,,,Loomis D J,1,,,,,,,,,,,,Residential,,,medium,bare name; this directory adds a trade for businesses,1540,Residential – single-family
1956,1540,1540,,,Silver Henry atty,1,,atty,,atty,,,,,,MI 7069,,Business,attorney's office,Professional & business services,high,trade/name keyword,1540,Commercial
1960,1540,1540,,,Silver Henry atty,1,,atty,,atty,,,,,,MA 4-7069,,Business,attorney's office,Professional & business services,high,trade/name keyword,1540,Commercial
1964,1540,1540,,,SILVER HENRY ATTY,1,,atty,,atty,,,,,,MA4-7069,,Business,attorney's office,Professional & business services,high,trade/name keyword,1540,Commercial
1965,1540,1540,,,SILVER HENRY ATTY,1,,atty,,atty,,,,,,MA4-7069,,Business,attorney's office,Professional & business services,high,trade/name keyword,1540,Commercial
1968,1540,1540,,,SILVER HENRY ATTY,1,,atty,,atty,,,,,,624-7069,,Business,attorney's office,Professional & business services,high,trade/name keyword,1540,Commercial
1973,1540,1540,,,Silver Henry,1,,,,,,,,,,624-7069,,Business,attorney's office,Professional & business services,high,"1956-68 'Silver Henry atty', same phone",1540,Commercial
1964,1541,1541,,,COOVER BEAUTY SALON,1,,,,"beauty,salon",,,,,,628-2879,,Business,beauty salon,Personal services,high,trade/name keyword,1541,Commercial
1965,1541,1541,,,COOVER BEAUTY SALON,1,,,,"beauty,salon",,,,,,628-2879,,Business,beauty salon,Personal services,high,trade/name keyword,1541,Commercial
1968,1541,1541,,,COOVER BEAUTY SALON,1,,,,"beauty,salon",,,,,,628-2879,,Business,beauty salon,Personal services,high,trade/name keyword,1541,Commercial
1973,1541,1541,,,Si Bon Beauty Salon,1,,,,"beauty,salon",,,,,,628-2879,,Business,beauty salon,Personal services,high,trade/name keyword,1541,Commercial
1987,1541,1541,,,ROY'S MEAT CO,1,Y,,Y,meat,,,,,,250-1816,,Business,meat / seafood market,Food stores,high,trade/name keyword,1541,Commercial
1956,1542,1542,,,Leone Tony,1,,,,,,,,,,MU 4593,,Residential,,,medium,bare name; this directory usually adds a trade for businesses,1542,Residential – single-family
1960,1542,1542,,,Quia Johnny C,1,,,,,,,,,,MA 8-9742,,Residential,,,medium,bare name; this directory usually adds a trade for businesses,1542,Residential – single-family
1964,1542,1542,,,QUIA JOHNNY C,1,,,,,,,,,,MA8-9742,,Residential,,,medium,bare name; same surname listed as a resident here in another year,1542,Residential – single-family
1965,1542,1542,,,QUIA JOHNNY C,1,,,,,,,,,,MA8-9742,,Residential,,,medium,bare name; same surname listed as a resident here in another year,1542,Residential – single-family
1968,1542,1542,,,QUIA JOHNNY C,1,,,,,,,,,,628-9742,,Residential,,,medium,bare name; same surname listed as a resident here in another year,1542,Residential – single-family
1973,1542,1542,,,Quia Johnny C,1,,,,,,,,,,623-9742,,Residential,,,medium,"bare personal name, no business name",1542,Residential – single-family
1956,1543,1543,,,Bulwinsch Alfred,1,,,,,,,,,,MU 5853,,Residential,,,medium,bare name; this directory usually adds a trade for businesses,1543,Residential – single-family
1960,1543,1543,,,Bulwinsch Alfred,1,,,,,,,,,,MA 8-5853,,Residential,,,medium,bare name; this directory usually adds a trade for businesses,1543,Residential – single-family
1906,1544,1544,,,Thompson Wm,1,,,,,,,,,,,,Residential,,,medium,bare name; this directory adds a trade for businesses,1544,Residential – single-family
1960,1544,1544,,,Acebo Lorenzo Larry's New Place,2,,,Y,,,,,,,MA 9-9740,,Business,bar or cafe (likely),Restaurants & bars,low,name only,1544,Commercial
1960,1544,1544,,,Larry's New Place,2,,,Y,,,,,,,MA 9-9740,,Business,bar or cafe (likely),Restaurants & bars,low,name only,1544,Commercial
1964,1544,1544,,,BARRAGAN CAFE,1,,,,cafe,,,,,,688-9721,,Business,restaurant / cafe,Restaurants & bars,high,trade/name keyword,1544,Commercial
1965,1544,1544,,,BARRAGAN CAFE,1,,,,cafe,,,,,,688-9721,,Business,restaurant / cafe,Restaurants & bars,high,trade/name keyword,1544,Commercial
1968,1544,1544,,,SUNSET FLOOR CVRNG,1,,,,,,,,,,623-4770,,Business,carpet / floor covering,"Home furnishings, hardware & appliances",high,trade/name keyword,1544,Commercial
1973,1544,1544,,,Ellis Beauty Supplies,1,,,,beauty,,,,,,622-8207,,Business,beauty supply store,General & specialty retail,high,trade/name keyword,1544,Commercial
1956,1545,1545,,,B & G Plumbng Shop,1,,,Y,"plumb,shop",,,,,,MU 6825,,Business,plumbing contractor / shop,"Light industrial, trades & wholesale",high,trade/name keyword,1545,Commercial
1960,1545,1545,,,B & G Plumbng Shop,1,,,Y,"plumb,shop",,,,,,MA 8-6825,,Business,plumbing contractor / shop,"Light industrial, trades & wholesale",high,trade/name keyword,1545,Commercial
1964,1545,1545,,,B-G PLUMBING SHOP,1,,,,"plumb,shop",,,,,,MA8-6825,,Business,plumbing contractor / shop,"Light industrial, trades & wholesale",high,trade/name keyword,1545,Commercial
1965,1545,1545,,,B-G PLUMBING SHOP,1,,,,"plumb,shop",,,,,,MA8-6825,,Business,plumbing contractor / shop,"Light industrial, trades & wholesale",high,trade/name keyword,1545,Commercial
1968,1545,1545,,,B-G PLUMBING SHOP,1,,,,"plumb,shop",,,,,,628-6825,,Business,plumbing contractor / shop,"Light industrial, trades & wholesale",high,trade/name keyword,1545,Commercial
1973,1545,1545,,,B & G Plumbing Shop,1,,,Y,"plumb,shop",,,,,,628-6825,,Business,plumbing contractor / shop,"Light industrial, trades & wholesale",high,trade/name keyword,1545,Commercial
1956,1546,1546,,,Fenstermaker Don K State Farm Ins,3,,,,ins,,,,,,MA 6-7573,,Business,insurance agency,"Finance, insurance & real estate",high,trade/name keyword,1546,Commercial
1956,1546,1546,,,State Farm Insurance Co,3,,,Y,insurance,,,,,,MA 6-7573,,Business,insurance agency,"Finance, insurance & real estate",high,trade/name keyword,1546,Commercial
1956,1546,1546,,,Turkmany Joe J State Farm Ins Co,3,,,Y,ins,,,,,,MA 6-7573,,Business,insurance agency,"Finance, insurance & real estate",high,trade/name keyword,1546,Commercial
1960,1546,1546,,,State Farm Insurance Companies Los Angeles agencies,2,,,,insurance,,,,,,MA 6-7573,,Business,insurance agency,"Finance, insurance & real estate",high,trade/name keyword,1546,Commercial
1960,1546,1546,,,Turkmany Joe J State Farm Ins Companies,2,,,,ins,,,,,,MA 6-7573,,Business,insurance agency,"Finance, insurance & real estate",high,trade/name keyword,1546,Commercial
1968,1546,1546,,,ACEBO L-RECORDS,1,,,,record,,,,,,629-8006,,Business,record / music store,"Media, printing & entertainment",high,trade/name keyword,1546,Commercial
1973,1546,1546,,,Acebo Lorenzo,1,,,,,,,,,,688-8808,,Business,record / music store,"Media, printing & entertainment",medium,1968 'ACEBO L-RECORDS' at same address,1546,Commercial
1956,1547,1547,,,Hutchinson Chas B Hutchinson Rlty Co,2,,,Y,rlty,,,,,,MU-6992,,Business,real estate / property,"Finance, insurance & real estate",high,trade/name keyword,1547,Commercial
1956,1547,1547,,,Hutchinson Rlty Co,2,,,Y,rlty,,,,,,MU-6992,,Business,real estate / property,"Finance, insurance & real estate",high,trade/name keyword,1547,Commercial
1960,1547,1547,,,Hutchinson Chas B ins,2,,,,ins,,,,,,MA 6-0258,,Business,insurance agency,"Finance, insurance & real estate",high,trade/name keyword,1547,Commercial
1960,1547,1547,,,Hutchinson Realty Co,2,,,Y,realty,,,,,,MA 6-0258,,Business,real estate / property,"Finance, insurance & real estate",high,trade/name keyword,1547,Commercial
1964,1547,1547,,,HUTCHINSON RLTY,1,,,,rlty,,,,,,MA6-0258,,Business,real estate / property,"Finance, insurance & real estate",high,trade/name keyword,1547,Commercial
1965,1547,1547,,,HUTCHINSON RLTY,1,,,,rlty,,,,,,MA6-0258,,Business,real estate / property,"Finance, insurance & real estate",high,trade/name keyword,1547,Commercial
1968,1547,1547,,,HUTCHINSON RLTY,1,,,,rlty,,,,,,626-0258,,Business,real estate / property,"Finance, insurance & real estate",high,trade/name keyword,1547,Commercial
1973,1547,1547,,,Hutchinson Realty Co,2,,,Y,realty,,,,,,626-0258,,Business,real estate / property,"Finance, insurance & real estate",high,trade/name keyword,1547,Commercial
1973,1547,1547,,,Hutchinson Chas B,2,,,,,,,,,,626-0258,,Business,real estate / insurance,"Finance, insurance & real estate",high,"listed with Hutchinson Realty Co, same phone",1547,Commercial
1987,1547,1547,,,ELIZABETH'S BEAUTY SALON,1,Y,,Y,"beauty,salon",,,,,,250-1077,,Business,beauty salon,Personal services,high,trade/name keyword,1547,Commercial
1956,1548,1548,,,Dreby Ernest E acct,2,,,,acct,,,,,,MU 2466,,Business,accountant,Professional & business services,high,trade/name keyword,1548,Commercial
1956,1548,1548,,,Dreby Ernest E acct,2,,,,acct,,,,,,MU 6987,,Business,accountant,Professional & business services,high,trade/name keyword,1548,Commercial
1960,1548,1548,,,Donut House The,2,,,,donut,,,,,,MA 9-0511,,Business,donut shop,Restaurants & bars,high,trade/name keyword,1548,Commercial
1960,1548,1548,,,Dreby Ernest E acct,2,,,,acct,,,,,,MA 8-6987,,Business,accountant,Professional & business services,high,trade/name keyword,1548,Commercial
1968,1548,1548,,,MILLION DOLLAR BTY SALON NO 3,2,,,,"bty,salon",,,,,,625-8739,,Business,beauty salon,Personal services,high,trade/name keyword,1548,Commercial
1968,1548,1548,,,MILLION DOLLAR SALON,2,,,,salon,,,,,,689-8417,,Business,beauty salon,Personal services,high,trade/name keyword,1548,Commercial
1960,1548½,1548,Y,,Aloha Land Co,1,,,Y,,,,,,,MA 8-6697,,Business,real estate / property,"Finance, insurance & real estate",high,trade/name keyword,1548,Commercial
1956,1549,1549,,,Barnard Moving & Storage Co,3,,,Y,storage,,,,,,MU 3962,,Business,moving & storage,"Light industrial, trades & wholesale",high,trade/name keyword,1549,Commercial
1956,1549,1549,,,Barnard Van & Storage Co,3,,,Y,"storage,van",,,,,,MU 3962,,Business,moving & storage,"Light industrial, trades & wholesale",high,trade/name keyword,1549,Commercial
1956,1549,1549,,,Bernard Van & Storage Co,3,,,Y,"storage,van",,,,,,MU 3962,,Business,moving & storage,"Light industrial, trades & wholesale",high,trade/name keyword,1549,Commercial
1960,1549,1549,,,Barnard Van & Storage Co,2,,,Y,"storage,van",,,,,,MA 8-3962,,Business,moving & storage,"Light industrial, trades & wholesale",high,trade/name keyword,1549,Commercial
1960,1549,1549,,,Bernard Van & Storage Co,2,,,Y,"storage,van",,,,,,MA 8-3962,,Business,moving & storage,"Light industrial, trades & wholesale",high,trade/name keyword,1549,Commercial
1964,1549,1549,,,LEES AUTMTC LAUNDRY,1,,,,laundr,,,,,,MA4-5047,,Business,laundry / dry cleaner,Personal services,high,trade/name keyword,1549,Commercial
1965,1549,1549,,,LEES AUTMTC LAUNDRY,1,,,,laundr,,,,,,MA4-5047,,Business,laundry / dry cleaner,Personal services,high,trade/name keyword,1549,Commercial
1968,1549,1549,,,LEES AUTMTC LAUNDRY,1,,,,laundr,,,,,,624-5047,,Business,laundry / dry cleaner,Personal services,high,trade/name keyword,1549,Commercial
1973,1549,1549,,,Lee's Automatic Laundry & Dry Cleaners,1,,,Y,"auto,cleaner,laundr",,,,,,624-5047,,Business,laundry / dry cleaner,Personal services,high,trade/name keyword,1549,Commercial
1987,1549,1549,,,LEE'S AUTOMATIC LAUNDRY & DRY CLEANERS,1,Y,,Y,"auto,cleaner,laundr",,,,,,250-2912,,Business,laundry / dry cleaner,Personal services,high,trade/name keyword,1549,Commercial
1956,1550,1550,,,Paris Cleaners,1,,,,cleaner,,,,,,MU 6576,,Business,laundry / dry cleaner,Personal services,high,trade/name keyword,1550,Commercial
1960,1550,1550,,,Hollywd Sunset Cleaners,1,,,,cleaner,,,,,,MA 8-4638,,Business,laundry / dry cleaner,Personal services,high,trade/name keyword,1550,Commercial
1956,1554,1554,,,Ozzie's TV & Appliances,1,,,Y,"appliance,tv",,,,,,MU 3028,,Business,TV / radio sales & repair,"Home furnishings, hardware & appliances",high,trade/name keyword,1554,Commercial
1960,1554,1554,,,Gerry's Dept Store,1,,,Y,"dept,store",,,,,,MA 9-8065,,Business,department / variety / discount store,General & specialty retail,high,trade/name keyword,1554,Commercial
1964,1554,1554,,,GERRYS DEPT STORE,1,,,,"dept,store",,,,,,MA9-8065,,Business,department / variety / discount store,General & specialty retail,high,trade/name keyword,1554,Commercial
1965,1554,1554,,,GERRYS DEPT STORE,1,,,,"dept,store",,,,,,629-8065,,Business,department / variety / discount store,General & specialty retail,high,trade/name keyword,1554,Commercial
1968,1554,1554,,,GERRYS DEPT STORE,1,,,,"dept,store",,,,,,629-8065,,Business,department / variety / discount store,General & specialty retail,high,trade/name keyword,1554,Commercial
1973,1554,1554,,,Gerry's Dept Store,1,,,Y,"dept,store",,,,,,629-8065,,Business,department / variety / discount store,General & specialty retail,high,trade/name keyword,1554,Commercial
1987,1554,1554,,,GERRY'S DEPT STORE,1,Y,,Y,"dept,store",,,,,,250-4821,,Business,department / variety / discount store,General & specialty retail,high,trade/name keyword,1554,Commercial
1956,1555,1555,,,Ben's Furn Store Used,2,,,Y,"furn,store",,,,,,MU 4000,,Business,furniture store,"Home furnishings, hardware & appliances",high,trade/name keyword,1555,Commercial
1956,1555,1555,,,Ben's Used Furn Store,2,,,Y,"furn,store",,,,,,MU 4000,,Business,furniture store,"Home furnishings, hardware & appliances",high,trade/name keyword,1555,Commercial
1960,1555,1555,,,Ben's Furn Store Used,2,,,Y,"furn,store",,,,,,MA 8-4000,,Business,furniture store,"Home furnishings, hardware & appliances",high,trade/name keyword,1555,Commercial
1960,1555,1555,,,Ben's Used Furn Store,2,,,Y,"furn,store",,,,,,MA 8-4000,,Business,furniture store,"Home furnishings, hardware & appliances",high,trade/name keyword,1555,Commercial
1964,1555,1555,,,BENS USED FURNITURE,1,,,,furn,,,,,,626-6688,,Business,furniture store,"Home furnishings, hardware & appliances",high,trade/name keyword,1555,Commercial
1965,1555,1555,,,BENS USED FURNITURE,1,,,,furn,,,,,,626-6688,,Business,furniture store,"Home furnishings, hardware & appliances",high,trade/name keyword,1555,Commercial
1968,1555,1555,,,BENS USED FURNITURE,1,,,,furn,,,,,,626-6688,,Business,furniture store,"Home furnishings, hardware & appliances",high,trade/name keyword,1555,Commercial
1973,1555,1555,,,Baly Bros Wholesale,1,,,Y,wholesale,,,,,,680-0621,,Business,wholesale,"Light industrial, trades & wholesale",high,trade/name keyword,1555,Commercial
1987,1555,1555,,,WENSLEY COMPANY,1,Y,,Y,,,,,,,482-1765,,Business,unidentified business (name only),Unidentified business,low,company name,1555,Commercial
1956,1557,1557,,,Sam's Furn Used,3,,,Y,furn,,,,,,MA 5-2046,,Business,furniture store,"Home furnishings, hardware & appliances",high,trade/name keyword,1557,Commercial
1956,1557,1557,,,Sam's Used Furn Store,3,,,Y,"furn,store",,,,,,MA 5-2046,,Business,furniture store,"Home furnishings, hardware & appliances",high,trade/name keyword,1557,Commercial
1956,1557,1557,,,Sam's Used Furn Store,3,,,Y,"furn,store",,,,,,MU 6464,,Business,furniture store,"Home furnishings, hardware & appliances",high,trade/name keyword,1557,Commercial
1960,1557,1557,,,Sam's Furn Used,3,,,Y,furn,,,,,,MA 5-2046,,Business,furniture store,"Home furnishings, hardware & appliances",high,trade/name keyword,1557,Commercial
1960,1557,1557,,,Sam's Used Furn Store,3,,,Y,"furn,store",,,,,,MA 5-2046,,Business,furniture store,"Home furnishings, hardware & appliances",high,trade/name keyword,1557,Commercial
1960,1557,1557,,,Sam's Used Furn Store,3,,,Y,"furn,store",,,,,,MA 8-6464,,Business,furniture store,"Home furnishings, hardware & appliances",high,trade/name keyword,1557,Commercial
1964,1557,1557,,,SAMS USED FURN,2,,,,furn,,,,,,MA8-6464,,Business,furniture store,"Home furnishings, hardware & appliances",high,trade/name keyword,1557,Commercial
1964,1557,1557,,,SAMS USED FURN,2,,,,furn,,,,,,628-1442,,Business,furniture store,"Home furnishings, hardware & appliances",high,trade/name keyword,1557,Commercial
1965,1557,1557,,,SAMS USED FURN,2,,,,furn,,,,,,MA8-6464,,Business,furniture store,"Home furnishings, hardware & appliances",high,trade/name keyword,1557,Commercial
1965,1557,1557,,,SAMS USED FURN,2,,,,furn,,,,,,628-1442,,Business,furniture store,"Home furnishings, hardware & appliances",high,trade/name keyword,1557,Commercial
1968,1557,1557,,,SAMS USED FURN,1,,,,furn,,,,,,628-6464,,Business,furniture store,"Home furnishings, hardware & appliances",high,trade/name keyword,1557,Commercial
1973,1557,1557,,,Sam's Used Furniture Store,1,,,Y,"furn,store",,,,,,628-6464,,Business,furniture store,"Home furnishings, hardware & appliances",high,trade/name keyword,1557,Commercial
1987,1557,1557,,,BARGAIN CENTER,1,Y,,,,,,,,,250-4419,,Business,department / variety / discount store,General & specialty retail,high,trade/name keyword,1557,Commercial
1960,1558,1558,,,Gold Room The,1,,,,,,,,,,MA 8-3709,,Business,bar (likely),Restaurants & bars,low,"name only; long-running bar is general knowledge, not verified",1558,Commercial
1964,1558,1558,,,GOLD ROOM THE,1,,,,,,,,,,MA8-3709,,Business,bar (likely),Restaurants & bars,low,"name only; long-running bar is general knowledge, not verified",1558,Commercial
1965,1558,1558,,,GOLD ROOM THE,1,,,,,,,,,,MA8-3709,,Business,bar (likely),Restaurants & bars,low,"name only; long-running bar is general knowledge, not verified",1558,Commercial
1968,1558,1558,,,GOLD ROOM THE,1,,,,,,,,,,628-3709,,Business,bar (likely),Restaurants & bars,low,"name only; long-running bar is general knowledge, not verified",1558,Commercial
1973,1558,1558,,,Gold Room The,1,,,,,,,,,,628-3709,,Business,bar (likely),Restaurants & bars,low,"name only; long-running bar is general knowledge, not verified",1558,Commercial
1987,1558,1558,,,GOLD ROOM,2,Y,,,,,,,,,482-5259,,Business,bar (likely),Restaurants & bars,low,"name only; long-running bar is general knowledge, not verified",1558,Commercial
1987,1558,1558,,,GOLD ROOM THE,2,Y,,,,,,,,,977-9031,,Business,bar (likely),Restaurants & bars,low,"name only; long-running bar is general knowledge, not verified",1558,Commercial
1956,1561,1561,,,Coover Beauty Salon,1,,,,"beauty,salon",,,,,,MU 2879,,Business,beauty salon,Personal services,high,trade/name keyword,1561,Commercial
1960,1561,1561,,,Coover Beauty Salon,1,,,,"beauty,salon",,,,,,MA 8-2879,,Business,beauty salon,Personal services,high,trade/name keyword,1561,Commercial
1987,1561,1561,,,ADMIRAL CHECK CASHING SERVICES INC,1,Y,,Y,check cashing,,,,,,481-0241,,Business,check cashing,"Finance, insurance & real estate",high,trade/name keyword,1561,Commercial
1960,1562,1562,,,Oakman D F,1,,,,,,,,,,MA 6-8589,,Residential,,,medium,bare name; this directory usually adds a trade for businesses,1562,Residential – single-family
1956,1562½,1562,Y,,Moreno Louis,1,,,,,,,,,,MU 6622,,Residential,,,medium,bare name; this directory usually adds a trade for businesses,1562,Residential – single-family
1964,1562½,1562,Y,,MC DANIEL MICKIE,1,,,,,,,,,,629-2966,,Residential,,,low,1964-68 printouts often drop trades; bare name with no other evidence,1562,Residential – single-family
1965,1562½,1562,Y,,MC DANIEL MICKIE,1,,,,,,,,,,629-2966,,Residential,,,low,1964-68 printouts often drop trades; bare name with no other evidence,1562,Residential – single-family
1927,1563,1563,,,Safeway Stores,1,,,,store,,,,,,MU 9684,,Business,grocery / market,Food stores,high,Safeway grocery chain,1563,Commercial
1956,1563,1563,,,Manufacturer's Shoe Mart,2,,,Y,shoe,,,,,,MA 5-0886,,Business,shoe store,"Apparel, shoes & fabric",high,trade/name keyword,1563,Commercial
1956,1563,1563,,,Meyers Al Manufacturer's Shoe Mart,2,,,Y,shoe,,,,,,MA 5-0886,,Business,shoe store,"Apparel, shoes & fabric",high,trade/name keyword,1563,Commercial
1960,1563,1563,,,Manufacturer's Shoe Mart,2,,,Y,shoe,,,,,,MA 5-0886,,Business,shoe store,"Apparel, shoes & fabric",high,trade/name keyword,1563,Commercial
1960,1563,1563,,,Meyers Al Manufacturer's Shoe Mart,2,,,Y,shoe,,,,,,MA 5-0886,,Business,shoe store,"Apparel, shoes & fabric",high,trade/name keyword,1563,Commercial
1964,1563,1563,,,MEYERS SHOE MART,1,,,,shoe,,,,,,688-8242,,Business,shoe store,"Apparel, shoes & fabric",high,trade/name keyword,1563,Commercial
1965,1563,1563,,,MEYERS SHOE MART,1,,,,shoe,,,,,,688-8242,,Business,shoe store,"Apparel, shoes & fabric",high,trade/name keyword,1563,Commercial
1968,1563,1563,,,MEYERS SHOE MART,1,,,,shoe,,,,,,688-8242,,Business,shoe store,"Apparel, shoes & fabric",high,trade/name keyword,1563,Commercial
1973,1563,1563,,,Meyers' Shoe Mart,1,,,,shoe,,,,,,688-8242,,Business,shoe store,"Apparel, shoes & fabric",high,trade/name keyword,1563,Commercial
1987,1563,1563,,,CROWN SHOES,1,Y,,,shoe,,,,,,250-2508,,Business,shoe store,"Apparel, shoes & fabric",high,trade/name keyword,1563,Commercial
1960,1564,1564,,,Maxwell Gilford,1,,,,,,,,,,MA 8-8982,,Residential,,,medium,bare name; this directory usually adds a trade for businesses,1564,Residential – single-family
1964,1564,1564,,,MAXWELL G,1,,,,,,,,,,MA8-8982,,Residential,,,medium,bare name; same surname listed as a resident here in another year,1564,Residential – single-family
1965,1564,1564,,,MAXWELL G,1,,,,,,,,,,MA8-8982,,Residential,,,medium,bare name; same surname listed as a resident here in another year,1564,Residential – single-family
1968,1564,1564,,,SANDELIN R M,1,,,,,,,,,,626-2588,,Residential,,,low,1964-68 printouts often drop trades; bare name with no other evidence,1564,Residential – single-family
1987,1564,1564,,,Soyster Jack Wm,1,N,,,,,,,,,250-2719,,Residential,,,high,1987 sets residents in mixed case,1564,Residential – single-family
1906,1565,1565,,,Smith F W,2,,,,,,,,,,,,Residential,,,medium,bare name; this directory adds a trade for businesses,1565,Residential – single-family
1906,1565,1565,,,Vail Arthur,2,,,,,,,,,,,,Residential,,,medium,bare name; this directory adds a trade for businesses,1565,Residential – single-family
1956,1566,1566,,,Arias G B Sunset Realty Spec,3,,,,realty,,,,,,MA 5-1171,,Business,real estate / property,"Finance, insurance & real estate",high,trade/name keyword,1566,Commercial
1956,1566,1566,,,Samario Chas R Sunset Realty Spec,3,,,,realty,,,,,,MA 5-1171,,Business,real estate / property,"Finance, insurance & real estate",high,trade/name keyword,1566,Commercial
1956,1566,1566,,,Sunset Realty Spec,3,,,,realty,,,,,,MA 5-1171,,Business,real estate / property,"Finance, insurance & real estate",high,trade/name keyword,1566,Commercial
1960,1566,1566,,,Arias G B Sunset Realty Spec,3,,,,realty,,,,,,MA 5-1171,,Business,real estate / property,"Finance, insurance & real estate",high,trade/name keyword,1566,Commercial
1960,1566,1566,,,Samario Chas R Sunset Realty Spec,3,,,,realty,,,,,,MA 5-1171,,Business,real estate / property,"Finance, insurance & real estate",high,trade/name keyword,1566,Commercial
1960,1566,1566,,,Sunset Realty Spec,3,,,,realty,,,,,,MA 5-1171,,Business,real estate / property,"Finance, insurance & real estate",high,trade/name keyword,1566,Commercial
1964,1566,1566,,,SUNSET REALTY,1,,,,realty,,,,,,MA5-1171,,Business,real estate / property,"Finance, insurance & real estate",high,trade/name keyword,1566,Commercial
1965,1566,1566,,,SUNSET REALTY,1,,,,realty,,,,,,MA5-1171,,Business,real estate / property,"Finance, insurance & real estate",high,trade/name keyword,1566,Commercial
1968,1566,1566,,,SUNSET REALTY,1,,,,realty,,,,,,625-1171,,Business,real estate / property,"Finance, insurance & real estate",high,trade/name keyword,1566,Commercial
1973,1566,1566,,,Sunset Realty Spec,1,,,,realty,,,,,,625-1171,,Business,real estate / property,"Finance, insurance & real estate",high,trade/name keyword,1566,Commercial
1987,1566,1566,,,ZOZULA CARLOS E,1,Y,,,,,,,,,250-4644,,Business,unidentified business (personal name in capitals),Unidentified business,low,1987 sets businesses in capitals; no trade given,1566,Commercial
1956,1568,1568,,,Testa Fillmore phy & surg,1,,,Y,phy & surg,,,,,,MU 7024,,Business,physician's office,Health & medical,high,trade/name keyword,1568,Commercial
1960,1568,1568,,,Testa Fillmore phy & surg,1,,,Y,phy & surg,,,,,,MA 8-7024,,Business,physician's office,Health & medical,high,trade/name keyword,1568,Commercial
1964,1568,1568,,,TESTA FILLMORE MD,1,,MD,,,,,,,,MA8-7024,,Business,physician's office,Health & medical,high,trade/name keyword,1568,Commercial
1965,1568,1568,,,TESTA FILLMORE MD,1,,MD,,,,,,,,MA8-7024,,Business,physician's office,Health & medical,high,trade/name keyword,1568,Commercial
1968,1568,1568,,,TESTA FILLMORE MD,1,,MD,,,,,,,,628-7024,,Business,physician's office,Health & medical,high,trade/name keyword,1568,Commercial
1973,1568,1568,,,Testa Fillmore MD,1,,MD,,,,,,,,628-7024,,Business,physician's office,Health & medical,high,trade/name keyword,1568,Commercial
1987,1568,1568,,,SUNSET-ECHO PARK MEDICAL CLINIC,1,Y,,,"clinic,medical",,,,,,482-9638,,Business,medical clinic,Health & medical,high,trade/name keyword,1568,Commercial
1960,1569,1569,,,American Oil Portraits,1,,,,oil,,,,,,MA 9-8215,,Business,photography / portrait studio,"Media, printing & entertainment",high,trade/name keyword,1569,Commercial
1964,1569,1569,,#5,ECHO PARK INVESTMENT,1,,,,investment,,,,,,626-4548,,Business,real estate / property,"Finance, insurance & real estate",high,trade/name keyword,1569,Commercial
1956,1569½,1569,Y,,Elysian Lodge No 418 F&AM,1,,,Y,lodge,,,,,,MA 9-8530,,Institutional,Masonic lodge,Institutional & civic,high,trade/name keyword,1569,Institutional
1927,1571,1571,,,Sunset Pharmacy,1,,,,pharm,,,,,,MU 2970,,Business,pharmacy / drugstore,Health & medical,high,trade/name keyword,1571,Commercial
1956,1571,1571,,,Sunset Pharmacy,2,,,,pharm,,,,,,MU 1455,,Business,pharmacy / drugstore,Health & medical,high,trade/name keyword,1571,Commercial
1956,1571,1571,,,Sunset Pharmacy,2,,,,pharm,,,,,,MU 2970,,Business,pharmacy / drugstore,Health & medical,high,trade/name keyword,1571,Commercial
1960,1571,1571,,,Sunset Pharmacy,1,,,,pharm,,,,,,MA 8-6187,,Business,pharmacy / drugstore,Health & medical,high,trade/name keyword,1571,Commercial
1964,1571,1571,,,SUNSET PHARMACY,1,,,,pharm,,,,,,628-6187,,Business,pharmacy / drugstore,Health & medical,high,trade/name keyword,1571,Commercial
1965,1571,1571,,#6,SWADE S-DNTL LAB,2,,,,dntl,,,,,,626-6980,,Business,dental laboratory,Health & medical,high,trade/name keyword,1571,Commercial
1965,1571,1571,,,SUNSET PHARMACY,2,,,,pharm,,,,,,628-6187,,Business,pharmacy / drugstore,Health & medical,high,trade/name keyword,1571,Commercial
1968,1571,1571,,#6,LE VINE S N DMD,2,,DMD,,,,,,,,626-6980,,Business,dentist's office,Health & medical,high,trade/name keyword,1571,Commercial
1968,1571,1571,,,SUNSET PHARMACY,2,,,,pharm,,,,,,628-6187,,Business,pharmacy / drugstore,Health & medical,high,trade/name keyword,1571,Commercial
1973,1571,1571,,,Sunset Pharmacy,1,,,,pharm,,,,,,628-6187,,Business,pharmacy / drugstore,Health & medical,high,trade/name keyword,1571,Commercial
1987,1571,1571,,,SUNSET PHARMACY,1,Y,,,pharm,,,,,,250-4405,,Business,pharmacy / drugstore,Health & medical,high,trade/name keyword,1571,Commercial
1956,1572,1572,,,Bank of Amer Natl Trust & Saving Assn Also Bank of Amer branches Sunset-Echo Prk Branch,1,,,Y,bank,,,,,,MA 6-7244,,Business,bank / savings & loan branch,"Finance, insurance & real estate",high,trade/name keyword,1572,Commercial
1960,1572,1572,,,Bank of Amer Natl Trust & Saving Assn Also Bank of Amer branches Sunset-Echo Prk Branch,1,,,Y,bank,,,,,,MA 6-7244,,Business,bank / savings & loan branch,"Finance, insurance & real estate",high,trade/name keyword,1572,Commercial
1906,1600,1600,,,Connely & Smith meats,2,,,Y,meat,,,,,,,,Business,meat / seafood market,Food stores,high,trade/name keyword,1600,Commercial
1906,1600,1600,,,Billinger A J gro,2,,,,gro,,,,,,,,Business,grocery / market,Food stores,high,trade/name keyword,1600,Commercial
1927,1600,1600,,,Seargeant J A,1,,,,,,,,,,MU 9975,,Residential,,,medium,bare name; this directory adds a trade for businesses,1600,Residential – single-family
1956,1600,1600,,,Sunpark Liquor Store,1,,,,"liquor,store",,,,,,MA 9-0414,,Business,liquor store,Food stores,high,trade/name keyword,1600,Commercial
1960,1600,1600,,,Sunpark Liquor Store,1,,,,"liquor,store",,,,,,MA 9-0414,,Business,liquor store,Food stores,high,trade/name keyword,1600,Commercial
1964,1600,1600,,,SUNPARK LIQUOR STORE,1,,,,"liquor,store",,,,,,689-8308,,Business,liquor store,Food stores,high,trade/name keyword,1600,Commercial
1965,1600,1600,,,SUN PARK LIQUOR STR,1,,,,liquor,,,,,,689-8308,,Business,liquor store,Food stores,high,trade/name keyword,1600,Commercial
1968,1600,1600,,,SUNPARK LIQUOR STORE,1,,,,"liquor,store",,,,,,623-6655,,Business,liquor store,Food stores,high,trade/name keyword,1600,Commercial
1973,1600,1600,,,Sunpark Liquor Store,1,,,,"liquor,store",,,,,,623-6655,,Business,liquor store,Food stores,high,trade/name keyword,1600,Commercial
1987,1600,1600,,,FASHION CORNER OF ECHO PARK,1,Y,,,fashion,,,,,,482-1723,,Business,clothing store,"Apparel, shoes & fabric",high,trade/name keyword,1600,Commercial
1906,1601,1601,,,Williamson Fred gro,1,,,,gro,,,,,,,,Business,grocery / market,Food stores,high,trade/name keyword,1601,Commercial
1956,1601,1601,,,Pioneer Super Mkt,3,,,,mkt,,,,,,MA 6-7186,,Business,grocery / market,Food stores,high,trade/name keyword,1601,Commercial
1956,1601,1601,,,Schaefer Winston Inc,3,,,Y,,,,,,,MA 6-7186,,Business,real estate / property,"Finance, insurance & real estate",medium,later 'Winston Schaefer Realty Co'; same phone as Pioneer Mkt,1601,Commercial
1956,1601,1601,,,Winston Schaefer Inc,3,,,Y,,,,,,,MA 6-7186,,Business,real estate / property,"Finance, insurance & real estate",medium,later 'Winston Schaefer Realty Co'; same phone as Pioneer Mkt,1601,Commercial
1960,1601,1601,,,Pioneer Mkt,3,,,,mkt,,,,,,MA 6-7186,,Business,grocery / market,Food stores,high,trade/name keyword,1601,Commercial
1960,1601,1601,,,Schaefer Winston Inc,3,,,Y,,,,,,,MA 6-7186,,Business,real estate / property,"Finance, insurance & real estate",medium,later 'Winston Schaefer Realty Co'; same phone as Pioneer Mkt,1601,Commercial
1960,1601,1601,,,Winston Schaefer Inc,3,,,Y,,,,,,,MA 6-7186,,Business,real estate / property,"Finance, insurance & real estate",medium,later 'Winston Schaefer Realty Co'; same phone as Pioneer Mkt,1601,Commercial
1964,1601,1601,,,SCHAEFER WM INC,1,,,Y,,,,,,,MA6-7186,,Business,real estate / property,"Finance, insurance & real estate",medium,same phone as 1956-60 'Winston Schaefer Inc',1601,Commercial
1965,1601,1601,,,SCHAEFER WM INC,1,,,Y,,,,,,,MA6-7186,,Business,real estate / property,"Finance, insurance & real estate",medium,same phone as 1956-60 'Winston Schaefer Inc',1601,Commercial
1968,1601,1601,,,PIONEER FOODS INC,1,,,Y,food,,,,,,626-7186,,Business,grocery / market,Food stores,high,trade/name keyword,1601,Commercial
1973,1601,1601,,,Pioneer Foods Inc,1,,,Y,food,,,,,,626-7186,,Business,grocery / market,Food stores,high,trade/name keyword,1601,Commercial
1987,1601,1601,,,PIONEER SUPERMARKETS,1,Y,,,,,,,,,250-3783,,Business,grocery / market,Food stores,high,trade/name keyword,1601,Commercial
1956,1602,1602,,,Henry's Wearing Apparel,1,,,Y,"apparel,wear",,,,,,MU 2061,,Business,clothing store,"Apparel, shoes & fabric",high,trade/name keyword,1602,Commercial
1960,1602,1602,,,Henry's Wearing Apparel,1,,,Y,"apparel,wear",,,,,,MA 9-9880,,Business,clothing store,"Apparel, shoes & fabric",high,trade/name keyword,1602,Commercial
1964,1602,1602,,,HENRYS MENS WEAR,1,,,,wear,,,,,,689-9577,,Business,clothing store,"Apparel, shoes & fabric",high,trade/name keyword,1602,Commercial
1965,1602,1602,,,HENRYS MENS WEAR,1,,,,wear,,,,,,689-9577,,Business,clothing store,"Apparel, shoes & fabric",high,trade/name keyword,1602,Commercial
1968,1602,1602,,,HENRYS MENS WEAR,1,,,,wear,,,,,,689-9577,,Business,clothing store,"Apparel, shoes & fabric",high,trade/name keyword,1602,Commercial
1973,1602,1602,,,Henry's Men's Wear,2,,,Y,wear,,,,,,485-8555,,Business,clothing store,"Apparel, shoes & fabric",high,trade/name keyword,1602,Commercial
1973,1602,1602,,,Henry's Men's Wear,2,,,Y,wear,,,,,,689-9577,,Business,clothing store,"Apparel, shoes & fabric",high,trade/name keyword,1602,Commercial
1987,1602,1602,,,SONG KUN H,1,Y,,,,,,,,,482-9725,,Business,unidentified business (personal name in capitals),Unidentified business,low,1987 sets businesses in capitals; no trade given,1602,Commercial
1906,1603,1603,,,Murray J A,1,,,,,,,,,,,,Residential,,,medium,bare name; this directory adds a trade for businesses,1603,Residential – single-family
1927,1604,1604,,,Brooks Maude E,1,,,,,,,,,,FA 3040,,Residential,,,medium,bare name; this directory adds a trade for businesses,1604,Residential – single-family
1964,1604,1604,,,LENNYES SPORTSWEAR,1,,,,,,,,,,626-0064,,Business,clothing store,"Apparel, shoes & fabric",high,trade/name keyword,1604,Commercial
1965,1604,1604,,,LENNYES SPORTSWEAR,1,,,,,,,,,,626-0064,,Business,clothing store,"Apparel, shoes & fabric",high,trade/name keyword,1604,Commercial
1973,1604,1604,,,Gloria Hand Knits,1,,,,knits,,,,,,622-0759,,Business,clothing store,"Apparel, shoes & fabric",high,trade/name keyword,1604,Commercial
1956,1604¼,1604,Y,,Gores Mary,1,,,,,,,,,,TU 5686,,Residential,,,medium,bare name; this directory usually adds a trade for businesses,1604,Mixed-use
1960,1604¼,1604,Y,,Gores Mary,2,,,,,,,,,,MA 3-5686,,Residential,,,medium,bare name; this directory usually adds a trade for businesses,1604,Mixed-use
1960,1604¼,1604,Y,,Leslie Frank,2,,,,,,,,,,MA 8-4543,,Residential,,,medium,bare name; this directory usually adds a trade for businesses,1604,Mixed-use
1956,1604½,1604,Y,,Green Elec Co Norman,4,,,Y,,,,,,,MU 7945,,Business,electrical contractor / manufacturer,"Light industrial, trades & wholesale",high,trade/name keyword,1604,Mixed-use
1956,1604½,1604,Y,,Green Norman Elec Co,4,,,Y,,,,,,,MU 7945,,Business,electrical contractor / manufacturer,"Light industrial, trades & wholesale",high,trade/name keyword,1604,Mixed-use
1956,1604½,1604,Y,,Poulos Arthur I Dr,4,,Dr,,,,,,,,MU 7888,,Business,physician's office,Health & medical,high,trade/name keyword,1604,Mixed-use
1956,1604½,1604,Y,,Thrash Electric Co,4,,,Y,,,,,,,MU 7945,,Business,electrical contractor / manufacturer,"Light industrial, trades & wholesale",high,trade/name keyword,1604,Mixed-use
1960,1604½,1604,Y,,Green Elec Co Norman,4,,,Y,,,,,,,MA 8-7945,,Business,electrical contractor / manufacturer,"Light industrial, trades & wholesale",high,trade/name keyword,1604,Mixed-use
1960,1604½,1604,Y,,Green Norman Elec Co,4,,,Y,,,,,,,MA 8-7945,,Business,electrical contractor / manufacturer,"Light industrial, trades & wholesale",high,trade/name keyword,1604,Mixed-use
1960,1604½,1604,Y,,Poulos Arthur I Dr,4,,Dr,,,,,,,,MA 8-7888,,Business,physician's office,Health & medical,high,trade/name keyword,1604,Mixed-use
1960,1604½,1604,Y,,Thrash Electric Co,4,,,Y,,,,,,,MA 8-7945,,Business,electrical contractor / manufacturer,"Light industrial, trades & wholesale",high,trade/name keyword,1604,Mixed-use
1956,1605,1605,,Rm 1,Deutsch L dntst,3,,,,dntst,,,,,,MU 3592,,Business,dentist's office,Health & medical,high,trade/name keyword,1605,Commercial
1956,1605,1605,,Rm 4,Gise E C investmts,3,,,,investmts,,,,,,MA 6-4086,,Business,real estate / property,"Finance, insurance & real estate",high,trade/name keyword,1605,Commercial
1956,1605,1605,,,Brandes Leo MD,3,,MD,,,,,,,,MU-4794,if no ans call VA 1221,Business,physician's office,Health & medical,high,trade/name keyword,1605,Commercial
1960,1605,1605,,Rm 1,Deutsch L dntst,3,,,,dntst,,,,,,MA 8-3592,,Business,dentist's office,Health & medical,high,trade/name keyword,1605,Commercial
1960,1605,1605,,Rm 4,Gise E C investmts,3,,,,investmts,,,,,,MA 6-4086,,Business,real estate / property,"Finance, insurance & real estate",high,trade/name keyword,1605,Commercial
1960,1605,1605,,,Brandes Leo MD,3,,MD,,,,,,,,MA 8-4794,if no ans call MA 2-1221,Business,physician's office,Health & medical,high,trade/name keyword,1605,Commercial
1964,1605,1605,,#1,DEUTSCH L,3,,,,,,,,,,MA8-3592,,Business,dentist's office,Health & medical,high,"1956-60 'Deutsch L dntst', same room & phone",1605,Commercial
1964,1605,1605,,#4,GISE E C,3,,,,,,,,,,MA6-4086,,Business,investments office,"Finance, insurance & real estate",high,"1956-60 'Gise E C investmts', same room & phone",1605,Commercial
1964,1605,1605,,(unit not given),BRANDES LEO MD,3,,MD,,,,,,,,628-4794,,Business,physician's office,Health & medical,high,trade/name keyword,1605,Commercial
1965,1605,1605,,#1,DEUTSCH L,3,,,,,,,,,,MA8-3592,,Business,dentist's office,Health & medical,high,"1956-60 'Deutsch L dntst', same room & phone",1605,Commercial
1965,1605,1605,,#4,GISE E C,3,,,,,,,,,,MA6-4086,,Business,investments office,"Finance, insurance & real estate",high,"1956-60 'Gise E C investmts', same room & phone",1605,Commercial
1965,1605,1605,,(unit not given),BRANDES LEO MD,3,,MD,,,,,,,,628-4794,,Business,physician's office,Health & medical,high,trade/name keyword,1605,Commercial
1968,1605,1605,,#4,GISE E C,2,,,,,,,,,,626-4086,,Business,investments office,"Finance, insurance & real estate",high,"1956-60 'Gise E C investmts', same room & phone",1605,Commercial
1968,1605,1605,,(unit not given),BRANDES LEO MD,2,,MD,,,,,,,,628-4794,,Business,physician's office,Health & medical,high,trade/name keyword,1605,Commercial
1973,1605,1605,,,Brandes Leo MD,3,,MD,,,,,,,,628-4794,,Business,physician's office,Health & medical,high,trade/name keyword,1605,Commercial
1973,1605,1605,,#1,Ramos Adalberto J DDS,3,,DDS,,,,,,,,625-2511,,Business,dentist's office,Health & medical,high,trade/name keyword,1605,Commercial
1973,1605,1605,,#4,Winston Schaefer Realty Co,3,,,Y,realty,,,,,,626-4086,,Business,real estate / property,"Finance, insurance & real estate",high,trade/name keyword,1605,Commercial
1906,1606,1606,,,Van Buskirk M H,1,,,,van,,,,,,,,Residential,,,medium,bare name; this directory adds a trade for businesses,1606,Residential – single-family
1956,1606,1606,,,Gladys' Pet Shop,1,,,,"pet,shop",,,,,,MU 2896,,Business,pet / tropical fish shop,General & specialty retail,high,trade/name keyword,1606,Commercial
1960,1606,1606,,,Gladys' Pet Shop,1,,,,"pet,shop",,,,,,MA 8-2896,,Business,pet / tropical fish shop,General & specialty retail,high,trade/name keyword,1606,Commercial
1964,1606,1606,,,BUNNYS MUSIC VOX,1,,,,music,,,,,,624-4433,,Business,record / music store,"Media, printing & entertainment",high,trade/name keyword,1606,Commercial
1965,1606,1606,,,BUNNYS MUSIC VOX,1,,,,music,,,,,,624-4433,,Business,record / music store,"Media, printing & entertainment",high,trade/name keyword,1606,Commercial
1968,1606,1606,,,ECHO PRK PAWNBROKERS,1,,,,,,,,,,623-6669,,Business,pawnshop,General & specialty retail,high,trade/name keyword,1606,Commercial
1987,1606,1606,,,LA ECONOMICA FAMILY STORE,1,Y,,,store,,,,,,250-5171,,Business,department / variety / discount store,General & specialty retail,high,trade/name keyword,1606,Commercial
1956,1606½,1606,Y,,Kelly's Barber Shop,1,,,Y,"barber,shop",,,,,,MU 1018,,Business,barber shop,Personal services,high,trade/name keyword,1606,Commercial
1960,1606½,1606,Y,,Hollyway Barber Shop,1,,,,"barber,shop",,,,,,MA 8-1018,,Business,barber shop,Personal services,high,trade/name keyword,1606,Commercial
1927,1607,1607,,,Willard Groc Co,1,,,Y,groc,,,,,,MU 5439,,Business,grocery / market,Food stores,high,trade/name keyword,1607,Commercial
1964,1608,1608,,,STARDUST CLEANERS,1,,,,cleaner,,,,,,628-6806,,Business,laundry / dry cleaner,Personal services,high,trade/name keyword,1608,Commercial
1965,1608,1608,,,STARDUST CLEANERS,1,,,,cleaner,,,,,,628-6806,,Business,laundry / dry cleaner,Personal services,high,trade/name keyword,1608,Commercial
1968,1608,1608,,,STARDUST CLEANERS,1,,,,cleaner,,,,,,628-6806,,Business,laundry / dry cleaner,Personal services,high,trade/name keyword,1608,Commercial
1973,1608,1608,,,A A One Party & Gift Shop,1,,,Y,"gift,shop",,,,,,622-1549,,Business,gift / florist / toy shop,General & specialty retail,high,trade/name keyword,1608,Commercial
1964,1608½,1608,Y,,ORANGE JULIUS,1,,,,,,,,,,622-7075,,Business,restaurant / cafe,Restaurants & bars,high,trade/name keyword,1608,Commercial
1965,1608½,1608,Y,,ORANGE JULIUS,1,,,,,,,,,,622-7075,,Business,restaurant / cafe,Restaurants & bars,high,trade/name keyword,1608,Commercial
1968,1608½,1608,Y,,ORANGE JULIUS-AMER,1,,,,,,,,,,622-7075,,Business,restaurant / cafe,Restaurants & bars,high,trade/name keyword,1608,Commercial
1987,1608½,1608,Y,,SUNSET SNACK BAR,1,Y,,,bar,,,,,,250-1628,,Business,snack bar,Restaurants & bars,high,trade/name keyword,1608,Commercial
1956,1610,1610,,,Lords Jewlrs,1,,,,jewlr,,,,,,MI 4583,,Business,jewelry store,General & specialty retail,high,trade/name keyword,1610,Commercial
1960,1610,1610,,,Lords Jewlrs,1,,,,jewlr,,,,,,MA 4-4583,,Business,jewelry store,General & specialty retail,high,trade/name keyword,1610,Commercial
1964,1610,1610,,,LORDS JEWELERS,1,,,,jewel,,,,,,MA4-4583,,Business,jewelry store,General & specialty retail,high,trade/name keyword,1610,Commercial
1965,1610,1610,,,LORDS JEWELERS,1,,,,jewel,,,,,,MA4-4583,,Business,jewelry store,General & specialty retail,high,trade/name keyword,1610,Commercial
1968,1610,1610,,,LORDS JEWELERS,1,,,,jewel,,,,,,624-4583,,Business,jewelry store,General & specialty retail,high,trade/name keyword,1610,Commercial
1973,1610,1610,,,Lords Jewelers,1,,,,jewel,,,,,,624-4583,,Business,jewelry store,General & specialty retail,high,trade/name keyword,1610,Commercial
1987,1610,1610,,,LORDS JEWELERS,1,Y,,,jewel,,,,,,250-2891,,Business,jewelry store,General & specialty retail,high,trade/name keyword,1610,Commercial
1906,1611,1611,,,Abraham W E,1,,,,,,,,,,,,Residential,,,medium,bare name; this directory adds a trade for businesses,1611,Residential – single-family
1956,1611,1611,,,Factory Outlet,1,,,,outlet,,,,,,MI 1649,,Business,department / variety / discount store,General & specialty retail,high,trade/name keyword,1611,Mixed-use
1927,1611½,1611,Y,,Strong O G Mrs,2,,Mrs,,,,,,,,FA 0032,,Residential,,,medium,bare name; this directory adds a trade for businesses,1611,Residential – multifamily
1927,1611½,1611,Y,,Williamson The,2,,,,,,,,,,MU 9680,,Apartment building,,,medium,building-style name at a ½ address with a resident,1611,Residential – multifamily
1956,1611½,1611,Y,Apt 105,Godfrey Thos L,10,,,,,,,,,,MA 6-9841,,Residential,,,high,listed by unit number,1611,Mixed-use
1956,1611½,1611,Y,Apt 201,Fisher Martha Rose,10,,,,fish,,,,,,MA 6-3941,,Residential,,,high,listed by unit number,1611,Mixed-use
1956,1611½,1611,Y,Apt 202,Roedema K Mrs,10,,Mrs,,,,,,,,MU 1574,,Residential,,,high,listed by unit number,1611,Mixed-use
1956,1611½,1611,Y,Apt 205,Shuster Jack,10,,,,,,,,,,MU 1678,,Residential,,,high,listed by unit number,1611,Mixed-use
1956,1611½,1611,Y,Apt 207,Turner Jessie,10,,,,,,,,,,MU 1793,,Residential,,,high,listed by unit number,1611,Mixed-use
1956,1611½,1611,Y,Apt 208,Carson Maud H,10,,,,,,,,,,MI 5502,,Residential,,,high,listed by unit number,1611,Mixed-use
1956,1611½,1611,Y,Apt 209,Buchter Tillie r,10,,,,,Y,,,,,MA 6-6436,,Residential,,,high,listed by unit number,1611,Mixed-use
1956,1611½,1611,Y,Apt 307,Stricker Jack r,10,,,,,Y,,,,,MI 6987,,Residential,,,high,listed by unit number,1611,Mixed-use
1956,1611½,1611,Y,Apt 309,Ondler Josephine,10,,,,,,,,,,MU 2738,,Residential,,,high,listed by unit number,1611,Mixed-use
1956,1611½,1611,Y,Apt 310,Ritt Louis E,10,,,,,,,,,,MI 4030,,Residential,,,high,listed by unit number,1611,Mixed-use
1960,1611½,1611,Y,Apt 201,Ball Nannie C,9,,,,,,,,,,MA 4-1796,,Residential,,,high,listed by unit number,1611,Residential – multifamily
1960,1611½,1611,Y,Apt 205,Shuster Jack,9,,,,,,,,,,MA 8-1678,,Residential,,,high,listed by unit number,1611,Residential – multifamily
1960,1611½,1611,Y,Apt 207,Plotkin Bessie Mrs,9,,Mrs,,,,,,,,MA 6-2153,,Residential,,,high,listed by unit number,1611,Residential – multifamily
1960,1611½,1611,Y,Apt 208,Carson Maud H,9,,,,,,,,,,MA 4-5502,,Residential,,,high,listed by unit number,1611,Residential – multifamily
1960,1611½,1611,Y,Apt 210,Rullof Bertha,9,,,,,,,,,,MA 5-1817,,Residential,,,high,listed by unit number,1611,Residential – multifamily
1960,1611½,1611,Y,Apt 302,Elliott Hazel C Mrs,9,,Mrs,,,,,,,,MA 3-6348,,Residential,,,high,listed by unit number,1611,Residential – multifamily
1960,1611½,1611,Y,Apt 307,Stricker Jack,9,,,,,,,,,,MA 4-6987,,Residential,,,high,listed by unit number,1611,Residential – multifamily
1960,1611½,1611,Y,Apt 310,Renzoni Lawrence,9,,,,,,,,,,MA 8-5558,,Residential,,,high,listed by unit number,1611,Residential – multifamily
1960,1611½,1611,Y,,Louisson Wm S Mrs,9,,Mrs,,,,,,,,MA 8-2936,,Residential,,,medium,bare name; this directory usually adds a trade for businesses,1611,Residential – multifamily
1964,1611½,1611,Y,#202,SHUSTER JACK,7,,,,,,,,,,MA8-1678,,Residential,,,high,listed by unit number,1611,Residential – multifamily
1964,1611½,1611,Y,#205,HOLLAND EDW,7,,,,,,,,,,629-2861,,Residential,,,high,listed by unit number,1611,Residential – multifamily
1964,1611½,1611,Y,#207,PLOTKIN BESSIE,7,,,,,,,,,,MA6-2153,,Residential,,,high,listed by unit number,1611,Residential – multifamily
1964,1611½,1611,Y,#208,CARSON M,7,,,,,,,,,,MA4-5502,,Residential,,,high,listed by unit number,1611,Residential – multifamily
1964,1611½,1611,Y,#210,RULLOF BERT,7,,,,,,,,,,MA5-1817,,Residential,,,high,listed by unit number,1611,Residential – multifamily
1964,1611½,1611,Y,#301,LESLIE GRATIA E,7,,,,,,,,,,MA5-3751,,Residential,,,high,listed by unit number,1611,Residential – multifamily
1964,1611½,1611,Y,#309,PHILIPS ANNIE,7,,,,,,,,,,MA8-6978,,Residential,,,high,listed by unit number,1611,Residential – multifamily
1965,1611½,1611,Y,#202,SHUSTER JACK,7,,,,,,,,,,MA8-1678,,Residential,,,high,listed by unit number,1611,Residential – multifamily
1965,1611½,1611,Y,#205,HOLLAND EDW,7,,,,,,,,,,629-2861,,Residential,,,high,listed by unit number,1611,Residential – multifamily
1965,1611½,1611,Y,#207,PLOTKIN BESSIE,7,,,,,,,,,,MA6-2153,,Residential,,,high,listed by unit number,1611,Residential – multifamily
1965,1611½,1611,Y,#208,CARSON M,7,,,,,,,,,,MA4-5502,,Residential,,,high,listed by unit number,1611,Residential – multifamily
1965,1611½,1611,Y,#210,RULLOF BERT,7,,,,,,,,,,MA5-1817,,Residential,,,high,listed by unit number,1611,Residential – multifamily
1965,1611½,1611,Y,#301,EARNS W,7,,,,,,,,,,629-1891,,Residential,,,high,listed by unit number,1611,Residential – multifamily
1965,1611½,1611,Y,#309,PHILIPS ANNIE,7,,,,,,,,,,MA8-6978,,Residential,,,high,listed by unit number,1611,Residential – multifamily
1968,1611½,1611,Y,#104,RULLOF B,6,,,,,,,,,,626-3633,,Residential,,,high,listed by unit number,1611,Residential – multifamily
1968,1611½,1611,Y,#202,SHUSTER JACK,6,,,,,,,,,,628-1678,,Residential,,,high,listed by unit number,1611,Residential – multifamily
1968,1611½,1611,Y,#210,PHILIPS A,6,,,,,,,,,,628-6978,,Residential,,,high,listed by unit number,1611,Residential – multifamily
1968,1611½,1611,Y,#301,DAVALOS H J,6,,,,,,,,,,628-3098,,Residential,,,high,listed by unit number,1611,Residential – multifamily
1968,1611½,1611,Y,#306,RUDLEY J F,6,,,,,,,,,,628-5483,,Residential,,,high,listed by unit number,1611,Residential – multifamily
1968,1611½,1611,Y,,BARBIC A,6,,,,,,,,,,625-7043,,Residential,,,low,1964-68 printouts often drop trades; bare name with no other evidence,1611,Residential – multifamily
1973,1611½,1611,Y,#202,Shuster Jack,7,,,,,,,,,,628-1678,,Residential,,,high,listed by unit number,1611,Residential – multifamily
1973,1611½,1611,Y,#206,Mejia Nilo,7,,,,,,,,,,624-6819,,Residential,,,high,listed by unit number,1611,Residential – multifamily
1973,1611½,1611,Y,#209,Valle Oscar E,7,,,,,,,,,,628-8017,,Residential,,,high,listed by unit number,1611,Residential – multifamily
1973,1611½,1611,Y,#210,Philips Annie,7,,,,,,,,,,628-6978,,Residential,,,high,listed by unit number,1611,Residential – multifamily
1973,1611½,1611,Y,#301,Hernandez Geo Davalos,7,,,,,,,,,,625-3109,,Residential,,,high,listed by unit number,1611,Residential – multifamily
1973,1611½,1611,Y,#305,Barbic Anthony,7,,,,,,,,,,625-7043,,Residential,,,high,listed by unit number,1611,Residential – multifamily
1973,1611½,1611,Y,#308,Montenegro German,7,,,,,,,,,,629-1950,,Residential,,,high,listed by unit number,1611,Residential – multifamily
1956,1612,1612,,,Lachs Harold D Dr optmtrst,1,,Dr,,optm,,,,,,MU 5638,,Business,optometrist's office,Health & medical,high,trade/name keyword,1612,Commercial
1960,1612,1612,,,Lachs Harold D Dr optmtrst,1,,Dr,,optm,,,,,,MA 8-5638,,Business,optometrist's office,Health & medical,high,trade/name keyword,1612,Commercial
1964,1612,1612,,,LACHS H D,1,,,,,,,,,,MA8-7136,,Business,optometrist's office,Health & medical,high,"1956-60 'Lachs Harold D Dr optmtrst', same phone",1612,Commercial
1965,1612,1612,,,LACHS H D,1,,,,,,,,,,MA8-7136,,Business,optometrist's office,Health & medical,high,"1956-60 'Lachs Harold D Dr optmtrst', same phone",1612,Commercial
1968,1612,1612,,,LACHS H D,1,,,,,,,,,,628-7136,,Business,optometrist's office,Health & medical,high,"1956-60 'Lachs Harold D Dr optmtrst', same phone",1612,Commercial
1973,1612,1612,,,Lachs Harold D Dr,1,,Dr,,,,,,,,628-7136,,Business,optometrist's office,Health & medical,high,same phone as earlier optometrist listing,1612,Commercial
1987,1612,1612,,,BARRETO FERNANDO DR,1,Y,,,,,,,,,250-3767,,Business,physician's office,Health & medical,high,trade/name keyword,1612,Commercial
1956,1613,1613,,,Lee's Automatic Laundry & Dry Cleaners,1,,,Y,"auto,cleaner,laundr",,,,,,MI 5047,,Business,laundry / dry cleaner,Personal services,high,trade/name keyword,1613,Commercial
1960,1613,1613,,,Lee's Automatic Laundry & Dry Cleaners,1,,,Y,"auto,cleaner,laundr",,,,,,MA 4-5047,,Business,laundry / dry cleaner,Personal services,high,trade/name keyword,1613,Commercial
1965,1613,1613,,,MDX PURITY PHRMCIES,1,,,,phrm,,,,,,626-8314,,Business,pharmacy / drugstore,Health & medical,high,trade/name keyword,1613,Commercial
1968,1613,1613,,,MDX PURITY PHRMCIES,1,,,,phrm,,,,,,626-8314,,Business,pharmacy / drugstore,Health & medical,high,trade/name keyword,1613,Commercial
1973,1613,1613,,,MDX Purity Pharmacies,1,,,,pharm,,,,,,626-8314,,Business,pharmacy / drugstore,Health & medical,high,trade/name keyword,1613,Commercial
1927,1614,1614,,,Sunset Apts,3,,,,,,,,,,MU 9984,,Apartment building,,,high,building name or APARTMENT heading,1614,Residential – multifamily
1927,1614,1614,,,Forrest N O,3,,,,,,,,,,FA 4780,,Residential,,,medium,bare name; this directory adds a trade for businesses,1614,Residential – multifamily
1927,1614,1614,,,Hayward A C,3,,,,,,,,,,FA 5687,,Residential,,,medium,bare name; this directory adds a trade for businesses,1614,Residential – multifamily
1956,1614,1614,,Apt 3,Mueller August L,4,,,,,,,,,,MI 4637,,Residential,,,high,listed by unit number,1614,Residential – multifamily
1956,1614,1614,,Apt 3,Mueller Lydia H,4,,,,,,,,,,MI 4637,,Residential,,,high,listed by unit number,1614,Residential – multifamily
1956,1614,1614,,Apt 5,Skaggs Rose,4,,,,,,,,,,TU 7095,,Residential,,,high,listed by unit number,1614,Residential – multifamily
1956,1614,1614,,Apt 7,McClintock H L,4,,,,,,,,,,MU 4619,,Residential,,,high,listed by unit number,1614,Residential – multifamily
1960,1614,1614,,Apt 2,Hicks Eva M,5,,,,,,,,,,MA 8-1418,,Residential,,,high,listed by unit number,1614,Residential – multifamily
1960,1614,1614,,Apt 3,Mueller August L,5,,,,,,,,,,MA 6-6960,,Residential,,,high,listed by unit number,1614,Residential – multifamily
1960,1614,1614,,Apt 3,Mueller Lydia H,5,,,,,,,,,,MA 6-6960,,Residential,,,high,listed by unit number,1614,Residential – multifamily
1960,1614,1614,,Apt 5,Skaggs Rose,5,,,,,,,,,,MA 3-2908,,Residential,,,high,listed by unit number,1614,Residential – multifamily
1960,1614,1614,,Apt 6,Keadle Bettie,5,,,,,,,,,,MA 8-4674,,Residential,,,high,listed by unit number,1614,Residential – multifamily
1964,1614,1614,,#2,HICKS EVA M,4,,,,,,,,,,MA8-1418,,Residential,,,high,listed by unit number,1614,Residential – multifamily
1964,1614,1614,,#3,MUELLER AUGUST L,4,,,,,,,,,,MA6-6960,,Residential,,,high,listed by unit number,1614,Residential – multifamily
1964,1614,1614,,#4,GORES M,4,,,,,,,,,,623-5686,,Residential,,,high,listed by unit number,1614,Residential – multifamily
1964,1614,1614,,#6,KEADLE B,4,,,,,,,,,,MA8-4674,,Residential,,,high,listed by unit number,1614,Residential – multifamily
1965,1614,1614,,#2,HICKS EVA M,3,,,,,,,,,,MA8-1418,,Residential,,,high,listed by unit number,1614,Residential – multifamily
1965,1614,1614,,#3,MUELLER AUGUST L,3,,,,,,,,,,MA6-6960,,Residential,,,high,listed by unit number,1614,Residential – multifamily
1965,1614,1614,,#4,GORES M,3,,,,,,,,,,623-5686,,Residential,,,high,listed by unit number,1614,Residential – multifamily
1968,1614,1614,,#3,MUELLER AUGUST L,2,,,,,,,,,,626-6960,,Residential,,,high,listed by unit number,1614,Residential – multifamily
1968,1614,1614,,#5,ERCOLE V,2,,,,,,,,,,628-3863,,Residential,,,high,listed by unit number,1614,Residential – multifamily
1973,1614,1614,,#3,Mueller August L,2,,,,,,,,,,626-6960,,Residential,,,high,listed by unit number,1614,Residential – multifamily
1973,1614,1614,,#5,Ercole Vito,2,,,,,,,,,,628-3863,,Residential,,,high,listed by unit number,1614,Residential – multifamily
1956,1616,1616,,,Hollyway Cafe,1,,,,cafe,,,,,,MA 9-8727,,Business,restaurant / cafe,Restaurants & bars,high,trade/name keyword,1616,Commercial
1960,1616,1616,,,Hollyway Cafe,1,,,,cafe,,,,,,MA 9-1047,,Business,restaurant / cafe,Restaurants & bars,high,trade/name keyword,1616,Commercial
1964,1616,1616,,,HOLLYWAY CAFE,1,,,,cafe,,,,,,MA9-1047,,Business,restaurant / cafe,Restaurants & bars,high,trade/name keyword,1616,Commercial
1965,1616,1616,,,HOLLYWAY CAFE,1,,,,cafe,,,,,,MA9-1047,,Business,restaurant / cafe,Restaurants & bars,high,trade/name keyword,1616,Commercial
1968,1616,1616,,,HOLLYWAY CAFE,1,,,,cafe,,,,,,629-1047,,Business,restaurant / cafe,Restaurants & bars,high,trade/name keyword,1616,Commercial
1973,1616,1616,,,Hollyway Cafe,1,,,,cafe,,,,,,629-1047,,Business,restaurant / cafe,Restaurants & bars,high,trade/name keyword,1616,Commercial
1987,1616,1616,,,HOLLYWAY LOUNGE,1,Y,,,lounge,,,,,,250-5992,,Business,bar / cocktail lounge,Restaurants & bars,high,trade/name keyword,1616,Commercial
1956,1617½,1617,Y,,Neal C A Mrs r,1,,Mrs,,,Y,,,,,TU-6832,,Residential,,,medium,bare name; this directory usually adds a trade for businesses; trailing 'r',1617,Residential – single-family
1960,1617½,1617,Y,,Neal C A Mrs,1,,Mrs,,,,,,,,MA 3-6832,,Residential,,,medium,bare name; this directory usually adds a trade for businesses,1617,Residential – single-family
1956,1618,1618,,,Finer Jack Finer's Store for Men & Women,2,,,Y,store,,,,,,MA 9-1015,,Business,clothing store,"Apparel, shoes & fabric",high,trade/name keyword,1618,Commercial
1956,1618,1618,,,Finer's Store for Men & Women,2,,,Y,store,,,,,,MA 9-1015,,Business,clothing store,"Apparel, shoes & fabric",high,trade/name keyword,1618,Commercial
1960,1618,1618,,,Finer's Store for Men & Women,1,,,Y,store,,,,,,MA 9-1015,,Business,clothing store,"Apparel, shoes & fabric",high,trade/name keyword,1618,Commercial
1964,1618,1618,,,FINERS STORE,1,,,,store,,,,,,629-1015,,Business,clothing store,"Apparel, shoes & fabric",high,trade/name keyword,1618,Commercial
1965,1618,1618,,,FINERS STORE,1,,,,store,,,,,,629-1015,,Business,clothing store,"Apparel, shoes & fabric",high,trade/name keyword,1618,Commercial
1968,1618,1618,,,FINERS STORE,1,,,,store,,,,,,629-1015,,Business,clothing store,"Apparel, shoes & fabric",high,trade/name keyword,1618,Commercial
1973,1618,1618,,,Finer's Store For Men & Women,1,,,Y,store,,,,,,629-1015,,Business,clothing store,"Apparel, shoes & fabric",high,trade/name keyword,1618,Commercial
1987,1618,1618,,,FINER'S STORE FOR MEN & WOMEN,2,Y,,Y,store,,,,,,250-4652,,Business,clothing store,"Apparel, shoes & fabric",high,trade/name keyword,1618,Commercial
1987,1618,1618,,,FINER DAVID STUDIOS,2,Y,,,studio,,,,,,250-4787,,Business,studio (type not stated),"Media, printing & entertainment",low,"'Studios', shares address with Finer's clothing store",1618,Commercial
1956,1619,1619,,,Furst Paint & Hardware Co,1,,,Y,"hardware,paint",,,,,,MU 5945,,Business,hardware / paint store,"Home furnishings, hardware & appliances",high,trade/name keyword,1619,Commercial
1960,1619,1619,,,Furst Bolt & Screw Co,2,,,Y,,,,,,,MA 8-5945,,Business,hardware / paint store,"Home furnishings, hardware & appliances",high,trade/name keyword,1619,Mixed-use
1960,1619,1619,,,Furst Hdwe & Paint Co,2,,,Y,"hdwe,paint",,,,,,MA 8-5945,,Business,hardware / paint store,"Home furnishings, hardware & appliances",high,trade/name keyword,1619,Mixed-use
1964,1619,1619,,,FURST HDWE-PAINT,1,,,,"hdwe,paint",,,,,,MA8-5945,,Business,hardware / paint store,"Home furnishings, hardware & appliances",high,trade/name keyword,1619,Mixed-use
1965,1619,1619,,,FURST HDWE-PAINT,1,,,,"hdwe,paint",,,,,,MA8-5945,,Business,hardware / paint store,"Home furnishings, hardware & appliances",high,trade/name keyword,1619,Mixed-use
1968,1619,1619,,,FURST HDWE-PAINT,1,,,,"hdwe,paint",,,,,,628-5945,,Business,hardware / paint store,"Home furnishings, hardware & appliances",high,trade/name keyword,1619,Commercial
1973,1619,1619,,,Furst Hardware & Paint Co,1,,,Y,"hardware,paint",,,,,,628-5945,,Business,hardware / paint store,"Home furnishings, hardware & appliances",high,trade/name keyword,1619,Commercial
1960,1619½,1619,Y,,Le Brun Paul E Mrs,1,,Mrs,,,,,,,,MA 5-8056,,Residential,,,medium,bare name; this directory usually adds a trade for businesses,1619,Mixed-use
1964,1619½,1619,Y,,LE BRUN P E,1,,,,,,,,,,MA5-8056,,Residential,,,medium,bare name; same surname listed as a resident here in another year,1619,Mixed-use
1965,1619½,1619,Y,,ESPERE R,1,,,,,,,,,,628-7851,,Residential,,,low,1964-68 printouts often drop trades; bare name with no other evidence,1619,Mixed-use
1956,1620½,1620,Y,,Bohlen's Logan St Carpenter Shop,1,,,Y,shop,,,,,,MU 5525,,Business,carpentry shop,"Light industrial, trades & wholesale",high,trade/name keyword,1620,Commercial
1960,1620½,1620,Y,,Bohlen's Logan St Carpenter Shop,1,,,Y,shop,,,,,,MA 8-5525,,Business,carpentry shop,"Light industrial, trades & wholesale",high,trade/name keyword,1620,Commercial
1964,1620½,1620,Y,,BOHLENS LOGAN,1,,,,,,,,,,MA8-5525,,Business,carpentry shop,"Light industrial, trades & wholesale",high,truncated 'Bohlen's Logan St Carpenter Shop',1620,Commercial
1965,1620½,1620,Y,,BOHLENS LOGAN,1,,,,,,,,,,MA8-5525,,Business,carpentry shop,"Light industrial, trades & wholesale",high,truncated 'Bohlen's Logan St Carpenter Shop',1620,Commercial
1968,1620½,1620,Y,,BOHLENS LOGAN,1,,,,,,,,,,628-5525,,Business,carpentry shop,"Light industrial, trades & wholesale",high,truncated 'Bohlen's Logan St Carpenter Shop',1620,Commercial
1973,1620½,1620,Y,,Bohlen's Logan Street Carpenter Shop,1,,,Y,shop,,,,,,628-5525,,Business,carpentry shop,"Light industrial, trades & wholesale",high,trade/name keyword,1620,Commercial
1956,1621,1621,,Apt 103,Cahoon Freda,2,,,,,,,,,,MU 6642,,Residential,,,high,listed by unit number,1621,Mixed-use
1956,1621,1621,,,Jack's Cafe,2,,,Y,cafe,,,,,,MA 5-0241,,Business,restaurant / cafe,Restaurants & bars,high,trade/name keyword,1621,Mixed-use
1960,1621,1621,,,Jack's Cafe,1,,,Y,cafe,,,,,,MA 5-0241,,Business,restaurant / cafe,Restaurants & bars,high,trade/name keyword,1621,Mixed-use
1964,1621,1621,,,JACKS CAFE,1,,,,cafe,,,,,,688-8066,,Business,restaurant / cafe,Restaurants & bars,high,trade/name keyword,1621,Mixed-use
1965,1621,1621,,,EMERSON F L,1,,,,,,,,,,624-2447,,Residential,,,low,1964-68 printouts often drop trades; bare name with no other evidence,1621,Residential – multifamily
1968,1621,1621,,,WESLEY C J-MD,1,,MD,,,,,,,,626-3470,,Business,physician's office,Health & medical,high,trade/name keyword,1621,Mixed-use
1973,1621,1621,,,Wesley Carl J,1,,,,,,,,,,626-3470,,Business,physician's office,Health & medical,medium,"1968 'WESLEY C J-MD', same phone",1621,Commercial
1927,1621½,1621,Y,,Oates Wm C,1,,,,,,,,,,MU 1982,,Residential,,,medium,bare name; this directory adds a trade for businesses,1621,Residential – single-family
1956,1621½,1621,Y,,Berryhill Glenn D dntst,1,,,,dntst,,,,,,MU-4983,,Business,dentist's office,Health & medical,high,trade/name keyword,1621,Mixed-use
1960,1621½,1621,Y,Apt 103,Surbatovich Mihailo,2,,,,,,,,,,MA 8-7688,,Residential,,,high,listed by unit number,1621,Mixed-use
1960,1621½,1621,Y,,Berryhill Glenn D dntst,2,,,,dntst,,,,,,MA 8-4983,,Business,dentist's office,Health & medical,high,trade/name keyword,1621,Mixed-use
1964,1621½,1621,Y,#104,GAINBERG HOWARD S,2,,,,,,,,,,622-3575,,Residential,,,high,listed by unit number,1621,Mixed-use
1964,1621½,1621,Y,,BERRYHILL GLENN,2,,,,,,,,,,MA8-4983,,Business,dentist's office,Health & medical,high,"1956-60 'Berryhill Glenn D dntst', same phone",1621,Mixed-use
1965,1621½,1621,Y,#101,ZOZULA C E,2,,,,,,,,,,628-9871,,Residential,,,high,listed by unit number,1621,Residential – multifamily
1965,1621½,1621,Y,#104,GAINBERG HOWARD S,2,,,,,,,,,,622-3575,,Residential,,,high,listed by unit number,1621,Residential – multifamily
1968,1621½,1621,Y,#101,ZOZULA C E,2,,,,,,,,,,628-9871,,Residential,,,high,listed by unit number,1621,Mixed-use
1968,1621½,1621,Y,#104,GAINBERG HOWARD S,2,,,,,,,,,,622-3575,,Residential,,,high,listed by unit number,1621,Mixed-use
1956,1623,1623,,,Mladinov Fred,1,,,,,,,,,,MU 3725,,Residential,,,medium,bare name; this directory usually adds a trade for businesses,1623,Residential – single-family
1960,1623,1623,,,Mladinov Fred,1,,,,,,,,,,MA 8-3725,,Residential,,,medium,bare name; this directory usually adds a trade for businesses,1623,Residential – single-family
1964,1623,1623,,,MLADINOV F,1,,,,,,,,,,MA8-3725,,Residential,,,medium,bare name; same surname listed as a resident here in another year,1623,Residential – single-family
1973,1623,1623,,,Zozula Carlos E,1,,,,,,,,,,628-9871,,Residential,,,medium,"bare personal name, no business name",1623,Residential – single-family
1956,1624,1624,,,Citizens National Trust & Savings Bank of Los Angeles branches city & county Echo Park-Sunset Bl Br,1,,,Y,"bank,savings",,,,,,MI 4955,,Business,bank / savings & loan branch,"Finance, insurance & real estate",high,trade/name keyword,1624,Commercial
1960,1624,1624,,,Citizens National Bank Echo Park-Sunset Blvd Br,1,,,,bank,,,,,,MA 4-4955,,Business,bank / savings & loan branch,"Finance, insurance & real estate",high,trade/name keyword,1624,Commercial
1964,1624,1624,,,CROCKER-CITIZENS BNK,1,,,,bnk,,,,,,624-4955,,Business,bank / savings & loan branch,"Finance, insurance & real estate",high,trade/name keyword,1624,Commercial
1965,1624,1624,,,CROCKER-CITIZENS BNK,1,,,,bnk,,,,,,624-4955,,Business,bank / savings & loan branch,"Finance, insurance & real estate",high,trade/name keyword,1624,Commercial
1968,1624,1624,,,CROCKER-CITIZENS BNK,1,,,,bnk,,,,,,624-4955,,Business,bank / savings & loan branch,"Finance, insurance & real estate",high,trade/name keyword,1624,Commercial
1956,1625,1625,,,Neely Loyd E Dr DC,1,,"DC,Dr",,,,,,,,MU 5828,,Business,chiropractor's office,Health & medical,high,trade/name keyword,1625,Commercial
1960,1625,1625,,,Neely Loyd E Dr DC,1,,"DC,Dr",,,,,,,,MA 8-5828,,Business,chiropractor's office,Health & medical,high,trade/name keyword,1625,Commercial
1968,1625,1625,,,BOBS BARBER SHOP,1,,,,"barber,shop",,,,,,688-8960,,Business,barber shop,Personal services,high,trade/name keyword,1625,Commercial
1973,1625,1625,,,Bob's Barber Shop,1,,,Y,"barber,shop",,,,,,688-8960,,Business,barber shop,Personal services,high,trade/name keyword,1625,Commercial
1956,1627,1627,,,Betty's Quality Ice Cream,1,,,Y,ice cream,,,,,,MA 5-0934,,Business,ice cream / candy shop,Food stores,high,trade/name keyword,1627,Commercial
1960,1627,1627,,,Ward's Quality Ice Cream,1,,,Y,ice cream,,,,,,MA 5-0934,,Business,ice cream / candy shop,Food stores,high,trade/name keyword,1627,Commercial
1964,1627,1627,,,WARDS ICE CREAM,1,,,,ice cream,,,,,,688-8262,,Business,ice cream / candy shop,Food stores,high,trade/name keyword,1627,Commercial
1965,1627,1627,,,WARDS ICE CREAM,1,,,,ice cream,,,,,,688-8262,,Business,ice cream / candy shop,Food stores,high,trade/name keyword,1627,Commercial
1973,1627,1627,,,Pacific Finance,1,,,,finance,,,,,,489-4720,,Business,finance / loan company,"Finance, insurance & real estate",high,trade/name keyword,1627,Commercial
1956,1630,1630,,,Gus's Bakery,1,,,Y,bakery,,,,,,VA-5232,,Business,bakery,Food stores,high,trade/name keyword,1630,Commercial
1960,1630,1630,,,Gus's Bakery,1,,,Y,bakery,,,,,,MA 2-5232,,Business,bakery,Food stores,high,trade/name keyword,1630,Commercial
1964,1630,1630,,,GUSS BAKERY,1,,,,bakery,,,,,,MA2-5232,,Business,bakery,Food stores,high,trade/name keyword,1630,Commercial
1965,1630,1630,,,GUSS BAKERY,1,,,,bakery,,,,,,MA2-5232,,Business,bakery,Food stores,high,trade/name keyword,1630,Commercial
1968,1630,1630,,,CAESARS BAKERY SHOP,1,,,,"bakery,shop",,,,,,622-5232,,Business,bakery,Food stores,high,trade/name keyword,1630,Commercial
1973,1630,1630,,,Celaya Bakery,1,,,,bakery,,,,,,622-5232,,Business,bakery,Food stores,high,trade/name keyword,1630,Commercial
1987,1630,1630,,,CELAYA BAKERY,1,Y,,,bakery,,,,,,250-2472,,Business,bakery,Food stores,high,trade/name keyword,1630,Commercial
1927,1631,1631,,,Apex Pharmacy,1,,,,pharm,,,,,,MU 1879,,Business,pharmacy / drugstore,Health & medical,high,trade/name keyword,1631,Commercial
1956,1631,1631,,,Horn's Childrens Shop,1,,,Y,shop,,,,,,MU 8539,,Business,clothing store,"Apparel, shoes & fabric",high,trade/name keyword,1631,Commercial
1960,1631,1631,,,Horn's Childrens Shop,1,,,Y,shop,,,,,,MA 8-8539,,Business,clothing store,"Apparel, shoes & fabric",high,trade/name keyword,1631,Commercial
1964,1631,1631,,,HONG KONG CHEF,1,,,,,,,,,,MA5-8717,,Business,restaurant / cafe,Restaurants & bars,high,trade/name keyword,1631,Commercial
1965,1631,1631,,,HONG KONG CHEF,1,,,,,,,,,,MA5-8717,,Business,restaurant / cafe,Restaurants & bars,high,trade/name keyword,1631,Commercial
1968,1631,1631,,,TING S RESTAURANT,1,,,,restaurant,,,,,,689-8899,,Business,restaurant / cafe,Restaurants & bars,high,trade/name keyword,1631,Commercial
1973,1631,1631,,,Ting Sam Restaurant,1,,,,restaurant,,,,,,689-8899,,Business,restaurant / cafe,Restaurants & bars,high,trade/name keyword,1631,Commercial
1956,1632,1632,,,Mode O'Day Frock Shop,2,,,,"frock,shop",,,,,,MA 9-1934,,Business,clothing store,"Apparel, shoes & fabric",high,trade/name keyword,1632,Commercial
1956,1632,1632,,,Mode O'Day Shops L A shops,2,,,,shop,,,,,,MA 9-1934,,Business,clothing store,"Apparel, shoes & fabric",high,trade/name keyword,1632,Commercial
1960,1632,1632,,,Mode O'Day Frock Shop,2,,,,"frock,shop",,,,,,MA 9-1934,,Business,clothing store,"Apparel, shoes & fabric",high,trade/name keyword,1632,Commercial
1960,1632,1632,,,Mode O'Day Shops L A shops,2,,,,shop,,,,,,MA 9-1934,,Business,clothing store,"Apparel, shoes & fabric",high,trade/name keyword,1632,Commercial
1964,1632,1632,,,MODE O DAY,1,,,,,,,,,,MA9-1934,,Business,clothing store,"Apparel, shoes & fabric",high,trade/name keyword,1632,Commercial
1965,1632,1632,,,MODE O DAY,1,,,,,,,,,,MA9-1934,,Business,clothing store,"Apparel, shoes & fabric",high,trade/name keyword,1632,Commercial
1968,1632,1632,,,MODE O DAY,1,,,,,,,,,,629-1934,,Business,clothing store,"Apparel, shoes & fabric",high,trade/name keyword,1632,Commercial
1973,1632,1632,,,Libreria Mexico,1,,,,,,,,,,629-8295,,Business,book / stationery store,General & specialty retail,high,trade/name keyword,1632,Commercial
1987,1632,1632,,,LIBRERIAS MEXICO DE CALIFORNIA INC,1,Y,,Y,,,,,,,250-4835,,Business,book / stationery store,General & specialty retail,high,trade/name keyword,1632,Commercial
1927,1634,1634,,,Caisson R L,1,,,,,,,,,,MU 9780,,Residential,,,medium,bare name; this directory adds a trade for businesses,1634,Residential – single-family
1956,1634,1634,,,Behrens Francis Sunset Camera Exchange,2,,,,camera,,,,,,MU 8789,,Business,camera store / repair,General & specialty retail,high,trade/name keyword,1634,Commercial
1956,1634,1634,,,Sunset Camera Exch,2,,,,camera,,,,,,MU 8789,,Business,camera store / repair,General & specialty retail,high,trade/name keyword,1634,Commercial
1960,1634,1634,,,Behrens Francis Sunset Camera Exchange,2,,,,camera,,,,,,MA 8-8789,,Business,camera store / repair,General & specialty retail,high,trade/name keyword,1634,Commercial
1960,1634,1634,,,Sunset Camera Exch,2,,,,camera,,,,,,MA 8-8789,,Business,camera store / repair,General & specialty retail,high,trade/name keyword,1634,Commercial
1964,1634,1634,,,SUNSET CAMERA EXCH,1,,,,camera,,,,,,MA8-8789,,Business,camera store / repair,General & specialty retail,high,trade/name keyword,1634,Commercial
1965,1634,1634,,,SUNSET CAMERA EXCH,1,,,,camera,,,,,,MA8-8789,,Business,camera store / repair,General & specialty retail,high,trade/name keyword,1634,Commercial
1973,1634,1634,,,Sunset Camera Exch Inc,1,,,Y,camera,,,,,,628-8789,,Business,camera store / repair,General & specialty retail,high,trade/name keyword,1634,Commercial
1987,1634,1634,,,SUNSET CAMERA EXCH INC,1,Y,,Y,camera,,,,,,250-4574,,Business,camera store / repair,General & specialty retail,high,trade/name keyword,1634,Commercial
1968,1643,1643,,,SUNSET CAMERA,1,,,,camera,,,,,,628-8789,printed 1643; listed 1634 in 1956-65 with same phone,Business,camera store / repair,General & specialty retail,high,trade/name keyword,1643,Commercial
1927,1700,1700,,,Circle Drug Co,1,,,Y,drug,,,,,,DR 3105,,Business,pharmacy / drugstore,Health & medical,high,trade/name keyword,1700,Commercial
1956,1700,1700,,,Circle Drug Co,1,,,Y,drug,,,,,,DU 7-3811,,Business,pharmacy / drugstore,Health & medical,high,trade/name keyword,1700,Commercial
1960,1700,1700,,,Circle Drug Inc,2,,,Y,drug,,,,,,DU 7-3811,,Business,pharmacy / drugstore,Health & medical,high,trade/name keyword,1700,Commercial
1960,1700,1700,,,Circle Drug Inc,2,,,Y,drug,,,,,,DU 7-8692,,Business,pharmacy / drugstore,Health & medical,high,trade/name keyword,1700,Commercial
1964,1700,1700,,,CIRCLE DRUG INC,1,,,Y,drug,,,,,,387-7386,,Business,pharmacy / drugstore,Health & medical,high,trade/name keyword,1700,Commercial
1965,1700,1700,,,CIRCLE DRUG INC,1,,,Y,drug,,,,,,387-7386,,Business,pharmacy / drugstore,Health & medical,high,trade/name keyword,1700,Commercial
1968,1700,1700,,,CIRCLE DRUG,1,,,,drug,,,,,,387-7386,,Business,pharmacy / drugstore,Health & medical,high,trade/name keyword,1700,Commercial
1973,1700,1700,,,Circle Drug,2,,,,drug,,,,,,484-0355,,Business,pharmacy / drugstore,Health & medical,high,trade/name keyword,1700,Commercial
1973,1700,1700,,,Circle Rents & Sales,2,,,Y,,,,,,,484-8420,,Business,rental & sales shop,General & specialty retail,low,'rents & sales',1700,Commercial
1987,1700,1700,,,URGENT CARE MEDICAL PHARMACY,2,Y,,,"medical,pharm",,,,,,413-5836,,Business,pharmacy / drugstore,Health & medical,high,trade/name keyword,1700,Commercial
1987,1700,1700,,,URGENT CARE MEDICAL CLINIC,2,Y,,,"clinic,medical",,,,,,484-1281,,Business,medical clinic,Health & medical,high,trade/name keyword,1700,Commercial
1956,1701,1701,,,Gordon Motor Rebuilding,4,,,,motor,,,,,,DU 7-8925,,Business,auto repair,Auto sales & service,high,trade/name keyword,1701,Commercial
1956,1701,1701,,,Gordon's Motor Rebuilding,4,,,Y,motor,,,,,,DU 7-8925,,Business,auto repair,Auto sales & service,high,trade/name keyword,1701,Commercial
1956,1701,1701,,,Le Moyne Paint Co Inc,4,,,Y,paint,,,,,,DU 3-2306,,Business,hardware / paint store,"Home furnishings, hardware & appliances",high,trade/name keyword,1701,Commercial
1956,1701,1701,,,Le Moyne Paint Co Inc,4,,,Y,paint,,,,,,DU 9-9170,,Business,hardware / paint store,"Home furnishings, hardware & appliances",high,trade/name keyword,1701,Commercial
1960,1701,1701,,,Gordon Motor Rebuilding,3,,,,motor,,,,,,DU 7-9228,,Business,auto repair,Auto sales & service,high,trade/name keyword,1701,Commercial
1960,1701,1701,,,Raff's,3,,,Y,,,,,,,DU 3-2306,,Business,hardware / paint store,"Home furnishings, hardware & appliances",high,phones match Le Moyne Paint (1956) and Raff's Paint-Hdw (1964),1701,Commercial
1960,1701,1701,,,Raff's,3,,,Y,,,,,,,DU 9-9170,,Business,hardware / paint store,"Home furnishings, hardware & appliances",high,phones match Le Moyne Paint (1956) and Raff's Paint-Hdw (1964),1701,Commercial
1964,1701,1701,,,GORDON MOTOR REBLDG,3,,,,motor,,,,,,386-9228,,Business,auto repair,Auto sales & service,high,trade/name keyword,1701,Commercial
1964,1701,1701,,,RAFFS PAINT-HDWARE,3,,,,"hdw,paint",,,,,,DU3-2306,,Business,hardware / paint store,"Home furnishings, hardware & appliances",high,trade/name keyword,1701,Commercial
1964,1701,1701,,,RAFFS PAINT-HDW,3,,,,"hdw,paint",,,,,,DU9-9170,,Business,hardware / paint store,"Home furnishings, hardware & appliances",high,trade/name keyword,1701,Commercial
1965,1701,1701,,,GORDON MOTOR REBLDG,3,,,,motor,,,,,,386-9228,,Business,auto repair,Auto sales & service,high,trade/name keyword,1701,Commercial
1965,1701,1701,,,RAFFS PAINT-HDWARE,3,,,,"hdw,paint",,,,,,383-2306,,Business,hardware / paint store,"Home furnishings, hardware & appliances",high,trade/name keyword,1701,Commercial
1965,1701,1701,,,RAFFS PAINT-HDW,3,,,,"hdw,paint",,,,,,389-9170,,Business,hardware / paint store,"Home furnishings, hardware & appliances",high,trade/name keyword,1701,Commercial
1968,1701,1701,,,GORDON MOTOR REBLDG,3,,,,motor,,,,,,386-9228,,Business,auto repair,Auto sales & service,high,trade/name keyword,1701,Commercial
1968,1701,1701,,,RAFFS PAINT-HDWARE,3,,,,"hdw,paint",,,,,,383-2306,,Business,hardware / paint store,"Home furnishings, hardware & appliances",high,trade/name keyword,1701,Commercial
1968,1701,1701,,,RAFFS PAINT-HDW,3,,,,"hdw,paint",,,,,,389-9170,,Business,hardware / paint store,"Home furnishings, hardware & appliances",high,trade/name keyword,1701,Commercial
1973,1701,1701,,,Raff's Paint & Hardware,2,,,Y,"hardware,paint",,,,,,383-2306,,Business,hardware / paint store,"Home furnishings, hardware & appliances",high,trade/name keyword,1701,Commercial
1973,1701,1701,,,Raff's Paint & Hardware,2,,,Y,"hardware,paint",,,,,,389-9170,,Business,hardware / paint store,"Home furnishings, hardware & appliances",high,trade/name keyword,1701,Commercial
1987,1701,1701,,,PESCADO MOJADO INC,1,Y,,Y,,,,,,,413-8712,,Business,seafood restaurant or market (likely),Restaurants & bars,low,name only ('wet fish'),1701,Commercial
1956,1702,1702,,,Emilie's greeting cards,1,,,Y,,,,,,,DU 7-5436,,Business,gift / florist / toy shop,General & specialty retail,high,trade/name keyword,1702,Commercial
1960,1702,1702,,,Emilie's greeting cards,1,,,Y,,,,,,,DU 7-5436,,Business,gift / florist / toy shop,General & specialty retail,high,trade/name keyword,1702,Commercial
1964,1702,1702,,,EMILIES,1,,,,,,,,,,DU7-5436,,Business,gift / greeting card shop,General & specialty retail,high,"1956-60 'Emilie's greeting cards', 1965 gift shop",1702,Commercial
1965,1702,1702,,,EMILIES GIFT SHOP,1,,,,"gift,shop",,,,,,387-5436,,Business,gift / florist / toy shop,General & specialty retail,high,trade/name keyword,1702,Commercial
1973,1702,1702,,,Joyeria Mena,2,,,,,,,,,,484-9630,,Business,jewelry store,General & specialty retail,high,trade/name keyword,1702,Commercial
1973,1702,1702,,,Mena Toys,2,,,,toys,,,,,,484-9630,,Business,gift / florist / toy shop,General & specialty retail,high,trade/name keyword,1702,Commercial
1987,1702,1702,,,MILLION DOLLAR DRUG CO,1,Y,,Y,drug,,,,,,483-3962,,Business,pharmacy / drugstore,Health & medical,high,trade/name keyword,1702,Commercial
1956,1703,1703,,,So Calif Gas Co public ofcs,1,,,Y,gas co,,,,,,MI 0141,,Business,gas utility customer office,Professional & business services,high,trade/name keyword,1703,Commercial
1960,1703,1703,,,So Calif Gas Co,1,,,Y,gas co,,,,,,MA 5-3331,,Business,gas utility customer office,Professional & business services,high,trade/name keyword,1703,Commercial
1956,1704,1704,,,Echo Park Medical Clinic,3,,,,"clinic,medical",,,,,,DU 7-1153,,Business,medical clinic,Health & medical,high,trade/name keyword,1704,Commercial
1956,1704,1704,,,Kagan Harvey D Dr Echo Park Medical Clinic,3,,Dr,,"clinic,medical",,,,,,DU 7-1153,,Business,medical clinic,Health & medical,high,trade/name keyword,1704,Commercial
1956,1704,1704,,,Stein J M Dr Echo Park Medical Clinic,3,,Dr,,"clinic,medical",,,,,,DU 7-1153,,Business,medical clinic,Health & medical,high,trade/name keyword,1704,Commercial
1960,1704,1704,,,Echo Park Medical Clinic,3,,,,"clinic,medical",,,,,,DU 7-1153,,Business,medical clinic,Health & medical,high,trade/name keyword,1704,Commercial
1960,1704,1704,,,Kagan Harvey D Dr Echo Park Medical Clinic,3,,Dr,,"clinic,medical",,,,,,DU 7-1153,,Business,medical clinic,Health & medical,high,trade/name keyword,1704,Commercial
1960,1704,1704,,,Stein J M Dr Echo Park Medical Clinic,3,,Dr,,"clinic,medical",,,,,,DU 7-1153,,Business,medical clinic,Health & medical,high,trade/name keyword,1704,Commercial
1964,1704,1704,,,ECHO PK MEDICAL,1,,,,medical,,,,,,DU7-1153,,Business,medical clinic,Health & medical,high,trade/name keyword,1704,Commercial
1965,1704,1704,,,ECHO PK MEDICAL,1,,,,medical,,,,,,387-1153,,Business,medical clinic,Health & medical,high,trade/name keyword,1704,Commercial
1968,1704,1704,,,SWANTEK L,1,,,,,,,,,,386-6781,,Residential,,,low,1964-68 printouts often drop trades; bare name with no other evidence,1704,Residential – single-family
1927,1706,1706,,,Jensen's Apts,13,,,Y,,,,,,,DR 3177,,Apartment building,,,high,building name or APARTMENT heading,1706,Residential – multifamily
1927,1706,1706,,,Conahan Frank E,13,,,,,,,,,,DU 5126,,Residential,,,medium,bare name; this directory adds a trade for businesses,1706,Residential – multifamily
1927,1706,1706,,,Harcourt Henry,13,,,,,,,,,,DR 4479,,Residential,,,medium,bare name; this directory adds a trade for businesses,1706,Residential – multifamily
1927,1706,1706,,,Joint Lester,13,,,,,,,,,,DR 2236,,Residential,,,medium,bare name; this directory adds a trade for businesses,1706,Residential – multifamily
1927,1706,1706,,,Kahle Geo R,13,,,,,,,,,,DU 6475,,Residential,,,medium,bare name; this directory adds a trade for businesses,1706,Residential – multifamily
1927,1706,1706,,,Lassi Alfred,13,,,,,,,,,,WA 9564,,Residential,,,medium,bare name; this directory adds a trade for businesses,1706,Residential – multifamily
1927,1706,1706,,,Matthews John T,13,,,,,,,,,,DR 4798,,Residential,,,medium,bare name; this directory adds a trade for businesses,1706,Residential – multifamily
1927,1706,1706,,,Norton Ruth B,13,,,,,,,,,,DU 0987,,Residential,,,medium,bare name; this directory adds a trade for businesses,1706,Residential – multifamily
1927,1706,1706,,,Oden Floyd C,13,,,,,,,,,,WA 4896,,Residential,,,medium,bare name; this directory adds a trade for businesses,1706,Residential – multifamily
1927,1706,1706,,,Sloulin E,13,,,,,,,,,,DU 3968,,Residential,,,medium,bare name; this directory adds a trade for businesses,1706,Residential – multifamily
1927,1706,1706,,,Van den Heuvel C A,13,,,,van,,,,,,DU 3186,,Residential,,,medium,bare name; this directory adds a trade for businesses,1706,Residential – multifamily
1927,1706,1706,,,Vaska Vena,13,,,,,,,,,,DU 6607,,Residential,,,medium,bare name; this directory adds a trade for businesses,1706,Residential – multifamily
1927,1706,1706,,,Williams Lawrence D,13,,,,,,,,,,DU 9544,,Residential,,,medium,bare name; this directory adds a trade for businesses,1706,Residential – multifamily
1956,1706,1706,,,(Jensen Apts),23,,,,,,Y,,,,DU 7-0442,,Apartment building,,,high,building name or APARTMENT heading,1706,Residential – multifamily
1956,1706,1706,,Apt 22,Brown Alice D,23,,,,,,,,,,DU 3-1924,,Residential,,,high,listed by unit number,1706,Residential – multifamily
1956,1706,1706,,Apt 204,Mitchell Martha r,23,,,,,Y,,,,,DU 2-4720,,Residential,,,high,listed by unit number,1706,Residential – multifamily
1956,1706,1706,,Apt 206,Louzein Shirley B r,23,,,,,Y,,,,,DU 3-8894,,Residential,,,high,listed by unit number,1706,Residential – multifamily
1956,1706,1706,,Apt 207,Le Force Myrtle,23,,,,,,,,,,DU 8-8669,,Residential,,,high,listed by unit number,1706,Residential – multifamily
1956,1706,1706,,Apt 211,Williams Mabel Mrs,23,,Mrs,,,,,,,,DU 6-9863,,Residential,,,high,listed by unit number,1706,Residential – multifamily
1956,1706,1706,,Apt 214,Kooken Bruce,23,,,,,,,,,,DU 7-6827,,Residential,,,high,listed by unit number,1706,Residential – multifamily
1956,1706,1706,,Apt 216,Driesslein Jessie,23,,,,,,,,,,DU 3-6487,,Residential,,,high,listed by unit number,1706,Residential – multifamily
1956,1706,1706,,Apt 217,Olay Anna,23,,,,,,,,,,DU 4-4593,,Residential,,,high,listed by unit number,1706,Residential – multifamily
1956,1706,1706,,Apt 218,Averill Beulah L,23,,,,,,,,,,DU 7-2748,,Residential,,,high,listed by unit number,1706,Residential – multifamily
1956,1706,1706,,Apt 219,Hanley Reginald W,23,,,,,,,,,,DU 4-8480,,Residential,,,high,listed by unit number,1706,Residential – multifamily
1956,1706,1706,,Apt 223,Jennings W Al,23,,,,,,,,,,DU 4-0118,,Residential,,,high,listed by unit number,1706,Residential – multifamily
1956,1706,1706,,Apt 303,Craft Jas M,23,,,,,,,,,,DU 3-7251,,Residential,,,high,listed by unit number,1706,Residential – multifamily
1956,1706,1706,,Apt 305,Bowles Margaret,23,,,,,,,,,,DU 5-6521,,Residential,,,high,listed by unit number,1706,Residential – multifamily
1956,1706,1706,,Apt 306,Dennis Shirley,23,,,,,,,,,,DU 3-7911,,Residential,,,high,listed by unit number,1706,Residential – multifamily
1956,1706,1706,,Apt 308,Olson Gertrude,23,,,,,,,,,,DU 5-2614,,Residential,,,high,listed by unit number,1706,Residential – multifamily
1956,1706,1706,,Apt 310,Smalley Frank,23,,,,,,,,,,DU 6-9140,,Residential,,,high,listed by unit number,1706,Residential – multifamily
1956,1706,1706,,Apt 311,Coleman Paul B,23,,,,,,,,,,DU 2-7879,,Residential,,,high,listed by unit number,1706,Residential – multifamily
1956,1706,1706,,Apt 314,Brewer Anna Mrs,23,,Mrs,,,,,,,,DU 3-0862,,Residential,,,high,listed by unit number,1706,Residential – multifamily
1956,1706,1706,,Apt 316,James Wm,23,,,,,,,,,,DU 5-4720,,Residential,,,high,listed by unit number,1706,Residential – multifamily
1956,1706,1706,,Apt 319,Peterson Effie L,23,,,,,,,,,,DU 5-5803,,Residential,,,high,listed by unit number,1706,Residential – multifamily
1956,1706,1706,,Apt 320,Dentzer Dora L,23,,,,,,,,,,DU 4-1604,,Residential,,,high,listed by unit number,1706,Residential – multifamily
1956,1706,1706,,Apt 322,Shultz Alice,23,,,,,,,,,,DU 3-3231,,Residential,,,high,listed by unit number,1706,Residential – multifamily
1960,1706,1706,,Apt 200,Straub Ida,27,,,,,,,,,,DU 3-9158,,Residential,,,high,listed by unit number,1706,Residential – multifamily
1960,1706,1706,,Apt 201,Bottom C P Mrs,27,,Mrs,,,,,,,,DU 2-8588,,Residential,,,high,listed by unit number,1706,Residential – multifamily
1960,1706,1706,,Apt 204,Mitchell Martha r,27,,,,,Y,,,,,DU 2-4720,,Residential,,,high,listed by unit number,1706,Residential – multifamily
1960,1706,1706,,Apt 206,Louzein Shirley B r,27,,,,,Y,,,,,DU 3-8894,,Residential,,,high,listed by unit number,1706,Residential – multifamily
1960,1706,1706,,Apt 207,Le Force Myrtle,27,,,,,,,,,,DU 8-8669,,Residential,,,high,listed by unit number,1706,Residential – multifamily
1960,1706,1706,,Apt 208,Doumas Harry A,27,,,,,,,,,,DU 2-3518,,Residential,,,high,listed by unit number,1706,Residential – multifamily
1960,1706,1706,,Apt 210,Wakefield Geo,27,,,,,,,,,,DU 8-9701,,Residential,,,high,listed by unit number,1706,Residential – multifamily
1960,1706,1706,,Apt 211,Williams Mabel Mrs,27,,Mrs,,,,,,,,DU 6-9863,,Residential,,,high,listed by unit number,1706,Residential – multifamily
1960,1706,1706,,Apt 214,Kooken Bruce,27,,,,,,,,,,DU 7-6827,,Residential,,,high,listed by unit number,1706,Residential – multifamily
1960,1706,1706,,Apt 215,Hudson Alice Mrs,27,,Mrs,,,,,,,,DU 7-3643,,Residential,,,high,listed by unit number,1706,Residential – multifamily
1960,1706,1706,,Apt 216,Driesslein Jessie,27,,,,,,,,,,DU 3-6487,,Residential,,,high,listed by unit number,1706,Residential – multifamily
1960,1706,1706,,Apt 218,Hollister Hilda Mrs,27,,Mrs,,,,,,,,DU 5-8708,,Residential,,,high,listed by unit number,1706,Residential – multifamily
1960,1706,1706,,Apt 219,Hanley Reginald W,27,,,,,,,,,,DU 4-8480,,Residential,,,high,listed by unit number,1706,Residential – multifamily
1960,1706,1706,,Apt 220,Shumaker Margaret,27,,,,,,,,,,DU 7-7437,,Residential,,,high,listed by unit number,1706,Residential – multifamily
1960,1706,1706,,Apt 221,Tucker Sadie B Mrs,27,,Mrs,,,,,,,,DU 4-2919,,Residential,,,high,listed by unit number,1706,Residential – multifamily
1960,1706,1706,,Apt 222,Marshall Alice M,27,,,,,,,,,,DU 8-8012,,Residential,,,high,listed by unit number,1706,Residential – multifamily
1960,1706,1706,,Apt 303,Lonegren Roy,27,,,,,,,,,,DU 5-8608,,Residential,,,high,listed by unit number,1706,Residential – multifamily
1960,1706,1706,,Apt 305,Junken Isabel,27,,,,,,,,,,DU 5-5781,,Residential,,,high,listed by unit number,1706,Residential – multifamily
1960,1706,1706,,Apt 308,Moore Hazel B,27,,,,,,,,,,DU 8-6746,,Residential,,,high,listed by unit number,1706,Residential – multifamily
1960,1706,1706,,Apt 309,Clower Paul E,27,,,,,,,,,,DU 5-6960,,Residential,,,high,listed by unit number,1706,Residential – multifamily
1960,1706,1706,,Apt 310,Long Milton J,27,,,,,,,,,,DU 4-8665,,Residential,,,high,listed by unit number,1706,Residential – multifamily
1960,1706,1706,,Apt 311,James Wm,27,,,,,,,,,,DU 5-4720,,Residential,,,high,listed by unit number,1706,Residential – multifamily
1960,1706,1706,,Apt 314,Averill Beulah L,27,,,,,,,,,,DU 7-2748,,Residential,,,high,listed by unit number,1706,Residential – multifamily
1960,1706,1706,,Apt 316,Savary Anna N,27,,,,,,,,,,DU 9-2607,,Residential,,,high,listed by unit number,1706,Residential – multifamily
1960,1706,1706,,Apt 318,Dentzer Dora L,27,,,,,,,,,,DU 4-1604,,Residential,,,high,listed by unit number,1706,Residential – multifamily
1960,1706,1706,,Apt 321,Stauder Frances R,27,,,,,,,,,,DU 7-5481,,Residential,,,high,listed by unit number,1706,Residential – multifamily
1960,1706,1706,,Apt 322,Billings L D,27,,,,,,,,,,DU 8-4544,,Residential,,,high,listed by unit number,1706,Residential – multifamily
1964,1706,1706,,#200,STEWART CORA E,21,,,,,,,,,,384-2744,,Residential,,,high,listed by unit number,1706,Residential – multifamily
1964,1706,1706,,#201,BERG CLARA R,21,,,,,,,,,,387-1004,,Residential,,,high,listed by unit number,1706,Residential – multifamily
1964,1706,1706,,#204,PLUME N M,21,,,,,,,,,,385-4809,,Residential,,,high,listed by unit number,1706,Residential – multifamily
1964,1706,1706,,#208,DOUMAS HARRY A,21,,,,,,,,,,DU2-3518,,Residential,,,high,listed by unit number,1706,Residential – multifamily
1964,1706,1706,,#209,PETERSON ESSIE L,21,,,,,,,,,,DU5-4506,,Residential,,,high,listed by unit number,1706,Residential – multifamily
1964,1706,1706,,#210,ZALESKI SOFIE,21,,,,,,,,,,382-6729,,Residential,,,high,listed by unit number,1706,Residential – multifamily
1964,1706,1706,,#211,WILLIAMS M,21,,,,,,,,,,387-9863,,Residential,,,high,listed by unit number,1706,Residential – multifamily
1964,1706,1706,,#214,KOOKEN BRUCE,21,,,,,,,,,,DU7-6827,,Residential,,,high,listed by unit number,1706,Residential – multifamily
1964,1706,1706,,#219,HANLEY R W,21,,,,,,,,,,DU4-8480,,Residential,,,high,listed by unit number,1706,Residential – multifamily
1964,1706,1706,,#222,JUNKEN ISABEL,21,,,,,,,,,,388-3984,,Residential,,,high,listed by unit number,1706,Residential – multifamily
1964,1706,1706,,#301,SPEIDEL AGNES,21,,,,,,,,,,DU9-4959,,Residential,,,high,listed by unit number,1706,Residential – multifamily
1964,1706,1706,,#303,LONEGREN ROY,21,,,,,,,,,,DU5-8608,,Residential,,,high,listed by unit number,1706,Residential – multifamily
1964,1706,1706,,#304,ROSE BLANCHE,21,,,,,,,,,,382-9828,,Residential,,,high,listed by unit number,1706,Residential – multifamily
1964,1706,1706,,#307,SEARS L,21,,,,,,,,,,382-5033,,Residential,,,high,listed by unit number,1706,Residential – multifamily
1964,1706,1706,,#308,MOORE HAZEL B,21,,,,,,,,,,DU8-6746,,Residential,,,high,listed by unit number,1706,Residential – multifamily
1964,1706,1706,,#309,SITTER L,21,,,,,,,,,,389-1808,,Residential,,,high,listed by unit number,1706,Residential – multifamily
1964,1706,1706,,#317,POIROT ANGELINE,21,,,,,,,,,,DU9-3457,,Residential,,,high,listed by unit number,1706,Residential – multifamily
1964,1706,1706,,#318,DENTZER D L,21,,,,,,,,,,DU4-1604,,Residential,,,high,listed by unit number,1706,Residential – multifamily
1964,1706,1706,,#319,CAMPBELL J,21,,,,,,,,,,DU3-7634,,Residential,,,high,listed by unit number,1706,Residential – multifamily
1964,1706,1706,,#321,STAUDER FRANCES,21,,,,,,,,,,DU7-5481,,Residential,,,high,listed by unit number,1706,Residential – multifamily
1964,1706,1706,,#322,BILLINGS L D,21,,,,,,,,,,DU8-4544,,Residential,,,high,listed by unit number,1706,Residential – multifamily
1965,1706,1706,,,DECKER I H,26,,,,,,,,,,383-7980,,Residential,,,low,1964-68 printouts often drop trades; bare name with no other evidence,1706,Residential – multifamily
1965,1706,1706,,#200,STEWART CORA E,26,,,,,,,,,,384-2744,,Residential,,,high,listed by unit number,1706,Residential – multifamily
1965,1706,1706,,#201,BREDY E M,26,,,,,,,,,,382-3748,,Residential,,,high,listed by unit number,1706,Residential – multifamily
1965,1706,1706,,#204,PLUME N M,26,,,,,,,,,,385-4809,,Residential,,,high,listed by unit number,1706,Residential – multifamily
1965,1706,1706,,#205,BARRON G,26,,,,,,,,,,389-1075,,Residential,,,high,listed by unit number,1706,Residential – multifamily
1965,1706,1706,,#209,PETERSON ESSIE L,26,,,,,,,,,,385-4506,,Residential,,,high,listed by unit number,1706,Residential – multifamily
1965,1706,1706,,#210,KOZIK M,26,,,,,,,,,,382-0669,,Residential,,,high,listed by unit number,1706,Residential – multifamily
1965,1706,1706,,#214,KOOKEN BRUCE,26,,,,,,,,,,387-6827,,Residential,,,high,listed by unit number,1706,Residential – multifamily
1965,1706,1706,,#217,BELLESIS A D,26,,,,,,,,,,385-1832,,Residential,,,high,listed by unit number,1706,Residential – multifamily
1965,1706,1706,,#219,HANLEY R W,26,,,,,,,,,,384-8480,,Residential,,,high,listed by unit number,1706,Residential – multifamily
1965,1706,1706,,#221,BROWN D W,26,,,,,,,,,,382-9083,,Residential,,,high,listed by unit number,1706,Residential – multifamily
1965,1706,1706,,#222,JUNKEN ISABEL,26,,,,,,,,,,388-3984,,Residential,,,high,listed by unit number,1706,Residential – multifamily
1965,1706,1706,,#301,SPEIDEL AGNES,26,,,,,,,,,,389-4959,,Residential,,,high,listed by unit number,1706,Residential – multifamily
1965,1706,1706,,#303,LONEGREN ROY,26,,,,,,,,,,385-8608,,Residential,,,high,listed by unit number,1706,Residential – multifamily
1965,1706,1706,,#304,ROSE BLANCHE,26,,,,,,,,,,382-9828,,Residential,,,high,listed by unit number,1706,Residential – multifamily
1965,1706,1706,,#307,DUNCAN G A,26,,,,,,,,,,383-3800,,Residential,,,high,listed by unit number,1706,Residential – multifamily
1965,1706,1706,,#308,MOORE HAZEL B,26,,,,,,,,,,388-6746,,Residential,,,high,listed by unit number,1706,Residential – multifamily
1965,1706,1706,,#309,SITTER L,26,,,,,,,,,,389-1808,,Residential,,,high,listed by unit number,1706,Residential – multifamily
1965,1706,1706,,#312,SEARS L,26,,,,,,,,,,384-4905,,Residential,,,high,listed by unit number,1706,Residential – multifamily
1965,1706,1706,,#314,VEZERIAN F,26,,,,,,,,,,387-8809,,Residential,,,high,listed by unit number,1706,Residential – multifamily
1965,1706,1706,,#317,POIROT ANGELINE,26,,,,,,,,,,389-3457,,Residential,,,high,listed by unit number,1706,Residential – multifamily
1965,1706,1706,,#318,DENTZER D L,26,,,,,,,,,,384-1604,,Residential,,,high,listed by unit number,1706,Residential – multifamily
1965,1706,1706,,#319,CAMPBELL J,26,,,,,,,,,,383-7288,,Residential,,,high,listed by unit number,1706,Residential – multifamily
1965,1706,1706,,#320,DOUMAS H A,26,,,,,,,,,,382-9892,,Residential,,,high,listed by unit number,1706,Residential – multifamily
1965,1706,1706,,#321,STAUDER FRANCES,26,,,,,,,,,,387-5481,,Residential,,,high,listed by unit number,1706,Residential – multifamily
1965,1706,1706,,#323,DAKE W E,26,,,,,,,,,,385-0985,,Residential,,,high,listed by unit number,1706,Residential – multifamily
1968,1706,1706,,#200,STEWART CORA E,24,,,,,,,,,,384-2744,,Residential,,,high,listed by unit number,1706,Mixed-use
1968,1706,1706,,#201,BREDY E M,24,,,,,,,,,,382-3748,,Residential,,,high,listed by unit number,1706,Mixed-use
1968,1706,1706,,#203,STEWART M L,24,,,,,,,,,,389-4596,,Residential,,,high,listed by unit number,1706,Mixed-use
1968,1706,1706,,#204,PLUME N M,24,,,,,,,,,,385-4809,,Residential,,,high,listed by unit number,1706,Mixed-use
1968,1706,1706,,#207,HARLOW V,24,,,,,,,,,,384-6952,,Residential,,,high,listed by unit number,1706,Mixed-use
1968,1706,1706,,#209,MUCICH M M,24,,,,,,,,,,389-7325,,Residential,,,high,listed by unit number,1706,Mixed-use
1968,1706,1706,,#211,JUNKEN I,24,,,,,,,,,,383-8715,,Residential,,,high,listed by unit number,1706,Mixed-use
1968,1706,1706,,#213,TRIDENT ENTERPRISES,24,,,,,,,,,,389-2950,,Business,unidentified business (name only),Unidentified business,low,company name in an apartment unit,1706,Mixed-use
1968,1706,1706,,#215,PETRIS N,24,,,,,,,,,,384-2284,,Residential,,,high,listed by unit number,1706,Mixed-use
1968,1706,1706,,#217,BELLESIS A D,24,,,,,,,,,,385-1832,,Residential,,,high,listed by unit number,1706,Mixed-use
1968,1706,1706,,#219,HANLEY R W,24,,,,,,,,,,384-8480,,Residential,,,high,listed by unit number,1706,Mixed-use
1968,1706,1706,,#302,DAKE W E,24,,,,,,,,,,385-0985,,Residential,,,high,listed by unit number,1706,Mixed-use
1968,1706,1706,,#303,BRANT N G,24,,,,,,,,,,387-0489,,Residential,,,high,listed by unit number,1706,Mixed-use
1968,1706,1706,,#304,ROSE BLANCHE,24,,,,,,,,,,382-9828,,Residential,,,high,listed by unit number,1706,Mixed-use
1968,1706,1706,,#305,MCGILL C V,24,,,,,,,,,,382-5140,,Residential,,,high,listed by unit number,1706,Mixed-use
1968,1706,1706,,#307,DUNCAN G A,24,,,,,,,,,,383-3800,,Residential,,,high,listed by unit number,1706,Mixed-use
1968,1706,1706,,#308,MOORE HAZEL B,24,,,,,,,,,,388-6746,,Residential,,,high,listed by unit number,1706,Mixed-use
1968,1706,1706,,#310,JOSEPH R E,24,,,,,,,,,,384-9459,,Residential,,,high,listed by unit number,1706,Mixed-use
1968,1706,1706,,#314,VEZERIAN F,24,,,,,,,,,,387-8809,,Residential,,,high,listed by unit number,1706,Mixed-use
1968,1706,1706,,#317,POIROT ANGELINE,24,,,,,,,,,,389-3457,,Residential,,,high,listed by unit number,1706,Mixed-use
1968,1706,1706,,#318,DENTZER D L,24,,,,,,,,,,384-1604,,Residential,,,high,listed by unit number,1706,Mixed-use
1968,1706,1706,,#319,REED S E,24,,,,,,,,,,384-8290,,Residential,,,high,listed by unit number,1706,Mixed-use
1968,1706,1706,,#320,DOUMAS H A,24,,,,,,,,,,382-9892,,Residential,,,high,listed by unit number,1706,Mixed-use
1968,1706,1706,,#322,DECKER I H,24,,,,,,,,,,383-7980,,Residential,,,high,listed by unit number,1706,Mixed-use
1973,1706,1706,,#201,Ross Emma I Mrs,11,,Mrs,,,,,,,,483-3719,,Residential,,,high,listed by unit number,1706,Mixed-use
1973,1706,1706,,#211,Vasquez Jessie,11,,,,,,,,,,484-9620,,Residential,,,high,listed by unit number,1706,Mixed-use
1973,1706,1706,,#212,Berrios Catalina,11,,,,,,,,,,483-3009,,Residential,,,high,listed by unit number,1706,Mixed-use
1973,1706,1706,,#217,Sanchez Jose,11,,,,,,,,,,483-6248,,Residential,,,high,listed by unit number,1706,Mixed-use
1973,1706,1706,,#221,Barber Russell,11,,,,barber,,,,,,484-9797,,Business,barber shop,Personal services,high,trade/name keyword,1706,Mixed-use
1973,1706,1706,,#302,Schonborn John,11,,,,,,,,,,483-7473,,Residential,,,high,listed by unit number,1706,Mixed-use
1973,1706,1706,,#308,Moore Hazel B,11,,,,,,,,,,484-8615,,Residential,,,high,listed by unit number,1706,Mixed-use
1973,1706,1706,,#309,Ordaz Guadalupe,11,,,,,,,,,,484-8967,,Residential,,,high,listed by unit number,1706,Mixed-use
1973,1706,1706,,#312,Zimeri Elmer A,11,,,,,,,,,,483-8269,,Residential,,,high,listed by unit number,1706,Mixed-use
1973,1706,1706,,#315,McGill Chas V,11,,,,,,,,,,484-9363,,Residential,,,high,listed by unit number,1706,Mixed-use
1973,1706,1706,,#322,Amial T,11,,,,,,,,,,483-6937,,Residential,,,high,listed by unit number,1706,Mixed-use
1987,1706,1706,,,Gorzo George A,15,N,,,,,,,,,484-2442,,Residential,,,high,1987 sets residents in mixed case,1706,Mixed-use
1987,1706,1706,,#201,Hamar Milan,15,N,,,,,,,,,483-5733,,Residential,,,high,listed by unit number,1706,Mixed-use
1987,1706,1706,,#207,Navarro Luis,15,N,,,,,,,,,413-3756,,Residential,,,high,listed by unit number,1706,Mixed-use
1987,1706,1706,,#210,Moore Helena,15,N,,,,,,,,,483-2409,,Residential,,,high,listed by unit number,1706,Mixed-use
1987,1706,1706,,#215,Szulc Zbigniew,15,N,,,,,,,,,483-2768,,Residential,,,high,listed by unit number,1706,Mixed-use
1987,1706,1706,,#219,Hurtado Armando,15,N,,,,,,,,,484-2986,,Residential,,,high,listed by unit number,1706,Mixed-use
1987,1706,1706,,#222,Rouvian Walter,15,N,,,,,,,,,413-3921,,Residential,,,high,listed by unit number,1706,Mixed-use
1987,1706,1706,,#300,Villagomez Patricia,15,N,,,,,,,,,483-0107,,Residential,,,high,listed by unit number,1706,Mixed-use
1987,1706,1706,,#304,Zubel Jacek,15,N,,,,,,,,,483-3930,,Residential,,,high,listed by unit number,1706,Mixed-use
1987,1706,1706,,#307,Rojas Antonio,15,N,,,,,,,,,484-2077,,Residential,,,high,listed by unit number,1706,Mixed-use
1987,1706,1706,,#308,Moore Hazel B,15,N,,,,,,,,,484-8615,,Residential,,,high,listed by unit number,1706,Mixed-use
1987,1706,1706,,#309,Ordaz Guadalupe,15,N,,,,,,,,,484-8967,,Residential,,,high,listed by unit number,1706,Mixed-use
1987,1706,1706,,#312,Soeltan Siema Sabena,15,N,,,,,,,,,413-4524,,Residential,,,high,listed by unit number,1706,Mixed-use
1987,1706,1706,,#322,Posmyk Zbigniew,15,N,,,,,,,,,413-1938,,Residential,,,high,listed by unit number,1706,Mixed-use
1987,1706,1706,,#323,Kroupa Jaroslav,15,N,,,,,,,,,484-9551,,Residential,,,high,listed by unit number,1706,Mixed-use
1987,1706¼,1706,Y,,TOP DISCOUNT,1,Y,,,,,,,,,484-2700,,Business,department / variety / discount store,General & specialty retail,high,trade/name keyword,1706,Mixed-use
1973,1706½,1706,Y,,R & M Income Tax Service,1,,,Y,tax,,,,,,483-4944,,Business,tax preparation,Professional & business services,high,trade/name keyword,1706,Mixed-use
1987,1706½,1706,Y,,DIAZ RAFAEL J,1,Y,,,,,,,,,483-4944,,Business,tax preparation,Professional & business services,medium,same phone as 1973 'R & M Income Tax Service'; 1987 capitals,1706,Mixed-use
1956,1707,1707,,,Associated Furn Co,1,,,Y,furn,,,,,,DU 8-2357,,Business,furniture store,"Home furnishings, hardware & appliances",high,trade/name keyword,1707,Commercial
1960,1707,1707,,,Associated Furn Co,1,,,Y,furn,,,,,,DU 8-2357,,Business,furniture store,"Home furnishings, hardware & appliances",high,trade/name keyword,1707,Commercial
1964,1707,1707,,,ASSOC FURN CO,1,,,Y,furn,,,,,,DU8-2357,,Business,furniture store,"Home furnishings, hardware & appliances",high,trade/name keyword,1707,Commercial
1965,1707,1707,,,ASSOC FURN CO,1,,,Y,furn,,,,,,388-2357,,Business,furniture store,"Home furnishings, hardware & appliances",high,trade/name keyword,1707,Commercial
1968,1707,1707,,,ASSOC FURN CO,1,,,Y,furn,,,,,,388-2357,,Business,furniture store,"Home furnishings, hardware & appliances",high,trade/name keyword,1707,Commercial
1973,1707,1707,,,Big M Stores,1,,,,store,,,,,,386-4451,,Business,department / variety / discount store,General & specialty retail,high,trade/name keyword,1707,Commercial
1987,1707,1707,,,PAYLESS SHOE SOURCE,1,Y,,,shoe,,,,,,413-0491,,Business,shoe store,"Apparel, shoes & fabric",high,trade/name keyword,1707,Commercial
1956,1708,1708,,,Hansen Carl A watch reprng,1,,,,watch,,,,,,DU 3-4592,,Business,watch repair,Personal services,high,trade/name keyword,1708,Commercial
1960,1708,1708,,,Hansen Carl A watch reprng,1,,,,watch,,,,,,DU 3-4592,,Business,watch repair,Personal services,high,trade/name keyword,1708,Commercial
1968,1708,1708,,,CHIZZINIS FASHIONS,1,,,,fashion,,,,,,384-0993,,Business,clothing store,"Apparel, shoes & fabric",high,trade/name keyword,1708,Commercial
1973,1708,1708,,,Fashions Plaza,1,,,,fashion,,,,,,484-9212,,Business,clothing store,"Apparel, shoes & fabric",high,trade/name keyword,1708,Commercial
1987,1708,1708,,,RENE STORE,1,Y,,,store,,,,,,483-0281,,Business,department / variety / discount store,General & specialty retail,high,trade/name keyword,1708,Commercial
1956,1710,1710,,,Bernard's Fabrics,1,,,Y,fabric,,,,,,DU 3-9515,,Business,fabric / yardage store,"Apparel, shoes & fabric",high,trade/name keyword,1710,Commercial
1960,1710,1710,,,Onyx Beauty Salon,1,,,,"beauty,salon",,,,,,DU 3-0591,,Business,beauty salon,Personal services,high,trade/name keyword,1710,Commercial
1964,1710,1710,,,DORAS SHOPPE,1,,,,shop,,,,,,389-0527,,Business,shop (type not stated),General & specialty retail,low,name only,1710,Commercial
1965,1710,1710,,,DORAS SHOPPE,1,,,,shop,,,,,,389-0527,,Business,shop (type not stated),General & specialty retail,low,name only,1710,Commercial
1968,1710,1710,,,DORAS SHOPPE,1,,,,shop,,,,,,389-0527,,Business,shop (type not stated),General & specialty retail,low,name only,1710,Commercial
1973,1710,1710,,,Dora's Shoppe,1,,,Y,shop,,,,,,484-1202,,Business,shop (type not stated),General & specialty retail,low,name only,1710,Commercial
1987,1710,1710,,,NENA'S SHOPPE,1,Y,,Y,shop,,,,,,484-1202,,Business,shop (type not stated),General & specialty retail,low,name only,1710,Commercial
1956,1712,1712,,,Jeanette's Children's Wear & Toys,1,,,Y,"toys,wear",,,,,,DU 8-9821,,Business,clothing store,"Apparel, shoes & fabric",high,trade/name keyword,1712,Commercial
1960,1712,1712,,,Toni's,1,,,Y,,,,,,,DU 8-9821,,Business,shop (type not stated),General & specialty retail,low,same phone as 1956 'Jeanette's Children's Wear & Toys',1712,Commercial
1964,1712,1712,,,HOUSE OF BARGAINS,1,,,,,,,,,,DU3-6892,,Business,department / variety / discount store,General & specialty retail,high,trade/name keyword,1712,Commercial
1965,1712,1712,,,HOUSE OF BARGAINS,1,,,,,,,,,,383-6892,,Business,department / variety / discount store,General & specialty retail,high,trade/name keyword,1712,Commercial
1973,1712,1712,,,Madrid Restaurant,1,,,,restaurant,,,,,,483-7757,,Business,restaurant / cafe,Restaurants & bars,high,trade/name keyword,1712,Commercial
1987,1712,1712,,,MADRID RESTAURANT,2,Y,,,restaurant,,,,,,413-9703,,Business,restaurant / cafe,Restaurants & bars,high,trade/name keyword,1712,Commercial
1987,1712,1712,,,MADRID RESTAURANT,2,Y,,,restaurant,,,,,,483-7757,,Business,restaurant / cafe,Restaurants & bars,high,trade/name keyword,1712,Commercial
1956,1712½,1712,Y,,Department of Water & Power L A City Metropolitan Br Ofcs Sunset-Glendale,1,,,Y,water & power,,,,,,MI 4211,,Institutional,LA Dept of Water & Power branch office,Institutional & civic,high,trade/name keyword,1712,Commercial
1960,1712½,1712,Y,,Department of Water & Power L A City Sunset-Glendale,1,,,Y,water & power,,,,,,MA 4-4211,,Institutional,LA Dept of Water & Power branch office,Institutional & civic,high,trade/name keyword,1712,Commercial
1968,1712½,1712,Y,,INCAS-COFFEE SHOP,1,,,,shop,,,,,,386-4868,,Business,restaurant / cafe,Restaurants & bars,high,trade/name keyword,1712,Commercial
1973,1712½,1712,Y,,Madrid Restaurant,1,,,,restaurant,,,,,,483-9328,,Business,restaurant / cafe,Restaurants & bars,high,trade/name keyword,1712,Commercial
1956,1714,1714,,,Charlotte Shop The apprl,2,,,,shop,,,,,,DU 7-5434,,Business,clothing store,"Apparel, shoes & fabric",high,trade/name keyword,1714,Commercial
1956,1714,1714,,,Wulfe Milton Charlotte Shop The apprl,2,,,,shop,,,,,,DU 7-5434,,Business,clothing store,"Apparel, shoes & fabric",high,trade/name keyword,1714,Commercial
1960,1714,1714,,,Charlotte Shop The apprl,2,,,,shop,,,,,,DU 7-5434,,Business,clothing store,"Apparel, shoes & fabric",high,trade/name keyword,1714,Commercial
1960,1714,1714,,,Wulfe Milton Charlotte Shop The apprl,2,,,,shop,,,,,,DU 7-5434,,Business,clothing store,"Apparel, shoes & fabric",high,trade/name keyword,1714,Commercial
1964,1714,1714,,,TONIS,1,,,,,,,,,,DU8-9821,,Business,shop (type not stated),General & specialty retail,low,same name as 1960 'Toni's' next door,1714,Commercial
1965,1714,1714,,,TONIS,1,,,,,,,,,,388-9821,,Business,shop (type not stated),General & specialty retail,low,same name as 1960 'Toni's' next door,1714,Commercial
1968,1714,1714,,,TONIS,1,,,,,,,,,,388-9821,,Business,shop (type not stated),General & specialty retail,low,same name as 1960 'Toni's' next door,1714,Commercial
1973,1714,1714,,,Valdes Yardage,1,,,,yardage,,,,,,484-9904,,Business,fabric / yardage store,"Apparel, shoes & fabric",high,trade/name keyword,1714,Commercial
1987,1714,1714,,,FASHION FIVE II,1,Y,,,fashion,,,,,,413-7740,,Business,clothing store,"Apparel, shoes & fabric",high,trade/name keyword,1714,Commercial
1927,1715,1715,,,Reno Rose Mrs,1,,Mrs,,,,,,,,DR 5833,,Residential,,,medium,bare name; this directory adds a trade for businesses,1715,Residential – single-family
1956,1715,1715,,,Dell's Hazel Flowers & Gifts,2,,,Y,"flowers,gift",,,,,,DU 4-1157,,Business,gift / florist / toy shop,General & specialty retail,high,trade/name keyword,1715,Commercial
1956,1715,1715,,,Hazel Dell's Flowers & Gifts,2,,,Y,"flowers,gift",,,,,,DU 4-1157,,Business,gift / florist / toy shop,General & specialty retail,high,trade/name keyword,1715,Commercial
1960,1715,1715,,,Dell's Hazel Flowers & Gifts,2,,,Y,"flowers,gift",,,,,,DU 4-1157,,Business,gift / florist / toy shop,General & specialty retail,high,trade/name keyword,1715,Commercial
1960,1715,1715,,,Hazel Dell's Flowers & Gifts,2,,,Y,"flowers,gift",,,,,,DU 4-1157,,Business,gift / florist / toy shop,General & specialty retail,high,trade/name keyword,1715,Commercial
1964,1715,1715,,,DELLS HAZEL FLOWERS,1,,,,flowers,,,,,,DU4-1157,,Business,gift / florist / toy shop,General & specialty retail,high,trade/name keyword,1715,Commercial
1965,1715,1715,,,DELLS HAZEL FLOWERS,1,,,,flowers,,,,,,384-1157,,Business,gift / florist / toy shop,General & specialty retail,high,trade/name keyword,1715,Commercial
1968,1715,1715,,,DELLS HAZEL FLOWERS,1,,,,flowers,,,,,,384-1157,,Business,gift / florist / toy shop,General & specialty retail,high,trade/name keyword,1715,Commercial
1973,1715,1715,,,Dell's Hazel Flowers & Gifts,1,,,Y,"flowers,gift",,,,,,384-1157,,Business,gift / florist / toy shop,General & specialty retail,high,trade/name keyword,1715,Commercial
1965,1716,1716,,,KARLS SHOE STORES,1,,,,"shoe,store",,,,,,386-0658,,Business,shoe store,"Apparel, shoes & fabric",high,trade/name keyword,1716,Commercial
1968,1716,1716,,,KARLS SHOE STORES,1,,,,"shoe,store",,,,,,386-0658,,Business,shoe store,"Apparel, shoes & fabric",high,trade/name keyword,1716,Commercial
1973,1716,1716,,,Karl's Shoe Stores Ltd,1,,,Y,"shoe,store",,,,,,483-9299,,Business,shoe store,"Apparel, shoes & fabric",high,trade/name keyword,1716,Commercial
1927,1717,1717,,,Brown W C,1,,,,,,,,,,DR 1723,,Residential,,,medium,bare name; this directory adds a trade for businesses,1717,Residential – single-family
1956,1717,1717,,,Honest Abe Auto Supply Inc,2,,,Y,auto,,,,,,DU 8-2343,,Business,auto parts store,Auto sales & service,high,trade/name keyword,1717,Commercial
1956,1717,1717,,,Southland Auto Supply See Honest Abe Auto Supply Inc,2,,,Y,auto,,,,,,DU 8-2343,,Business,auto parts store,Auto sales & service,high,trade/name keyword,1717,Commercial
1960,1717,1717,,,Honest Abe Auto Supply Inc,2,,,Y,auto,,,,,,DU 8-6878,,Business,auto parts store,Auto sales & service,high,trade/name keyword,1717,Commercial
1960,1717,1717,,,Southland Auto Supply See Honest Abe Auto Supply Inc,2,,,Y,auto,,,,,,DU 8-6878,,Business,auto parts store,Auto sales & service,high,trade/name keyword,1717,Commercial
1964,1717,1717,,,HONEST ABE AUTO,1,,,,auto,,,,,,DU8-6878,,Business,auto parts store,Auto sales & service,high,trade/name keyword,1717,Commercial
1965,1717,1717,,,HONEST ABE AUTO,1,,,,auto,,,,,,388-6878,,Business,auto parts store,Auto sales & service,high,trade/name keyword,1717,Commercial
1968,1717,1717,,,HONEST ABE AUTO,1,,,,auto,,,,,,388-6878,,Business,auto parts store,Auto sales & service,high,trade/name keyword,1717,Commercial
1973,1717,1717,,,Honest Abe Auto Supply Inc,1,,,Y,auto,,,,,,388-6878,,Business,auto parts store,Auto sales & service,high,trade/name keyword,1717,Commercial
1956,1720,1720,,,Owl Drug Co The Sunset & Lemoyne Store,1,,,Y,"drug,store",,,,,,DU 4-8337,,Business,pharmacy / drugstore,Health & medical,high,trade/name keyword,1720,Commercial
1960,1720,1720,,,Owl-Rexall Drug Co The Owl Franchise Dlr Sunset & Lemoyne,1,,,Y,"drug,rexall",,,,,,DU 4-2529,,Business,pharmacy / drugstore,Health & medical,high,trade/name keyword,1720,Commercial
1964,1720,1720,,,OWL-REXALL DRUG,1,,,,"drug,rexall",,,,,,DU4-2529,,Business,pharmacy / drugstore,Health & medical,high,trade/name keyword,1720,Commercial
1965,1720,1720,,,OWL-REXALL DRUG,1,,,,"drug,rexall",,,,,,384-2529,,Business,pharmacy / drugstore,Health & medical,high,trade/name keyword,1720,Commercial
1968,1720,1720,,,OWL-REXALL DRUG,1,,,,"drug,rexall",,,,,,384-2529,,Business,pharmacy / drugstore,Health & medical,high,trade/name keyword,1720,Commercial
1973,1720,1720,,,Owl-Rexall Drug Co The,1,,,Y,"drug,rexall",,,,,,484-9000,,Business,pharmacy / drugstore,Health & medical,high,trade/name keyword,1720,Commercial
1987,1720,1720,,,HONEST ABE AUTO SUPPLY INC,1,Y,,Y,auto,,,,,,413-5188,,Business,auto parts store,Auto sales & service,high,trade/name keyword,1720,Commercial
1927,1721,1721,,,Kreps Wm W,1,,,,,,,,,,DR 1296,,Residential,,,medium,bare name; this directory adds a trade for businesses,1721,Residential – single-family
1964,1721,1721,,,ZUKS SHOE STORE,1,,,,"shoe,store",,,,,,388-0134,,Business,shoe store,"Apparel, shoes & fabric",high,trade/name keyword,1721,Commercial
1965,1721,1721,,,ZUKS SHOE STORE,1,,,,"shoe,store",,,,,,388-0134,,Business,shoe store,"Apparel, shoes & fabric",high,trade/name keyword,1721,Commercial
1968,1721,1721,,,BERNAL A,2,,,,,,,,,,380-9304,,Business,unidentified business (El Rodeo),Unidentified business,medium,same phone as 1973 'El Rodeo',1721,Commercial
1968,1721,1721,,,EL RODEO,2,,,,,,,,,,386-0978,,Business,unidentified business (name only),Unidentified business,low,name only,1721,Commercial
1973,1721,1721,,,El Rodeo,1,,,,,,,,,,380-9304,,Business,unidentified business (name only),Unidentified business,low,name only,1721,Commercial
1987,1721,1721,,,EL RODEO,1,Y,,,,,,,,,413-6272,,Business,unidentified business (name only),Unidentified business,low,name only,1721,Commercial
1956,1722,1722,,,Kirby's Shoe Stores,1,,,Y,"shoe,store",,,,,,DU 2-4239,,Business,shoe store,"Apparel, shoes & fabric",high,trade/name keyword,1722,Commercial
1960,1722,1722,,,Kirby's Shoe Stores,1,,,Y,"shoe,store",,,,,,DU 2-4239,,Business,shoe store,"Apparel, shoes & fabric",high,trade/name keyword,1722,Commercial
1964,1722,1722,,,KIRBYS SHOE STORES,1,,,,"shoe,store",,,,,,DU2-4239,,Business,shoe store,"Apparel, shoes & fabric",high,trade/name keyword,1722,Commercial
1965,1722,1722,,,KIRBYS SHOE STORES,1,,,,"shoe,store",,,,,,382-4239,,Business,shoe store,"Apparel, shoes & fabric",high,trade/name keyword,1722,Commercial
1973,1722,1722,,,Kirby's Shoe Store,1,,,Y,"shoe,store",,,,,,483-9415,,Business,shoe store,"Apparel, shoes & fabric",high,trade/name keyword,1722,Commercial
1987,1722,1722,,,PATRINI SHOES,1,Y,,,shoe,,,,,,413-1344,,Business,shoe store,"Apparel, shoes & fabric",high,trade/name keyword,1722,Commercial
1927,1723,1723,,,Lindsay R T Dr,1,,Dr,,,,,,,,DR 3227,,Business,physician's office,Health & medical,high,trade/name keyword,1723,Commercial
1956,1723,1723,,,Helen's Dressmaking & Alterations,1,,,Y,dressmak,,,,,,DU 8-3954,,Business,dressmaker / alterations,Personal services,high,trade/name keyword,1723,Commercial
1960,1723,1723,,,Jay Leslie's,2,,,Y,,,,,,,DU 5-6134,,Business,shop (type not stated),General & specialty retail,low,"possessive business name, no trade given",1723,Commercial
1960,1723,1723,,,Leslie's Jay,2,,,Y,,,,,,,DU 5-6134,,Business,shop (type not stated),General & specialty retail,low,"possessive business name, no trade given",1723,Commercial
1965,1723,1723,,,MAIMANS GIANT STORE,1,,,,store,,,,,,386-0884,,Business,department / variety / discount store,General & specialty retail,high,trade/name keyword,1723,Commercial
1956,1724,1724,,,Woolworth F W Co-5-10 & 15c Stores,1,,,Y,store,,,,,,DU 3-9419,,Business,department / variety / discount store,General & specialty retail,high,trade/name keyword,1724,Commercial
1960,1724,1724,,,Woolworth F W Co variety strs,1,,,Y,,,,,,,DU 3-9419,,Business,department / variety / discount store,General & specialty retail,high,trade/name keyword,1724,Commercial
1964,1724,1724,,,WOOLWORTH F W CO,1,,,Y,,,,,,,DU3-9419,,Business,department / variety / discount store,General & specialty retail,high,trade/name keyword,1724,Commercial
1965,1724,1724,,,WOOLWORTH F W CO,1,,,Y,,,,,,,383-9419,,Business,department / variety / discount store,General & specialty retail,high,trade/name keyword,1724,Commercial
1968,1724,1724,,,WOOLWORTH F W CO,1,,,Y,,,,,,,383-9419,,Business,department / variety / discount store,General & specialty retail,high,trade/name keyword,1724,Commercial
1973,1724,1724,,,Woolworth F W Co,1,,,Y,,,,,,,484-8933,,Business,department / variety / discount store,General & specialty retail,high,trade/name keyword,1724,Commercial
1987,1724,1724,,,WOOLWORTH F W CO,1,Y,,Y,,,,,,,484-1388,,Business,department / variety / discount store,General & specialty retail,high,trade/name keyword,1724,Commercial
1956,1725,1725,,,Ruccione Guido F phy&sur,1,,,Y,phy&sur,,,,,,DU 2-3438,,Business,physician's office,Health & medical,high,trade/name keyword,1725,Commercial
1964,1725,1725,,,GIANT DOLLAR STORE,1,,,,store,,,,,,386-0884,,Business,department / variety / discount store,General & specialty retail,high,trade/name keyword,1725,Commercial
1956,1727,1727,,,Parkside Journal,2,,,,journal,,,,,,DU 3-6760,,Business,newspaper / publisher,"Media, printing & entertainment",high,trade/name keyword,1727,Commercial
1956,1727,1727,,,Parkside Journal,2,,,,journal,,,,,,DU 8-3255,,Business,newspaper / publisher,"Media, printing & entertainment",high,trade/name keyword,1727,Commercial
1960,1727,1727,,,Northwest Leader,3,,,,leader,,,,,,DU 8-3255,,Business,newspaper / publisher,"Media, printing & entertainment",high,trade/name keyword,1727,Commercial
1960,1727,1727,,,Parkside Journal,3,,,,journal,,,,,,DU 3-6760,,Business,newspaper / publisher,"Media, printing & entertainment",high,trade/name keyword,1727,Commercial
1960,1727,1727,,,Parkside Journal,3,,,,journal,,,,,,DU 8-3255,,Business,newspaper / publisher,"Media, printing & entertainment",high,trade/name keyword,1727,Commercial
1964,1727,1727,,,NORTHWEST LEADER,2,,,,leader,,,,,,DU8-3255,,Business,newspaper / publisher,"Media, printing & entertainment",high,trade/name keyword,1727,Commercial
1964,1727,1727,,,PARKSIDE JOURNAL,2,,,,journal,,,,,,DU3-6760,,Business,newspaper / publisher,"Media, printing & entertainment",high,trade/name keyword,1727,Commercial
1965,1727,1727,,,NORTHWEST LEADER,2,,,,leader,,,,,,388-3255,,Business,newspaper / publisher,"Media, printing & entertainment",high,trade/name keyword,1727,Commercial
1965,1727,1727,,,PARKSIDE JOURNAL,2,,,,journal,,,,,,383-6760,,Business,newspaper / publisher,"Media, printing & entertainment",high,trade/name keyword,1727,Commercial
1968,1727,1727,,,NORTHWEST LEADER,2,,,,leader,,,,,,388-3255,,Business,newspaper / publisher,"Media, printing & entertainment",high,trade/name keyword,1727,Commercial
1968,1727,1727,,,PARKSIDE JOURNAL,2,,,,journal,,,,,,383-6760,,Business,newspaper / publisher,"Media, printing & entertainment",high,trade/name keyword,1727,Commercial
1973,1727,1727,,,Sunset Wig Center,1,,,,wig,,,,,,382-0277,,Business,beauty salon,Personal services,high,trade/name keyword,1727,Commercial
1927,1729,1729,,,Spinning Apts,1,,,,,,,,,,DR 3703,,Apartment building,,,high,building name or APARTMENT heading,1729,Residential – multifamily
1956,1729,1729,,,Bierent A Mrs r,1,,Mrs,,,Y,,,,,DU 7-3703,,Residential,,,medium,bare name; this directory usually adds a trade for businesses; trailing 'r',1729,Residential – single-family
1960,1729,1729,,,Bierent A Mrs r,1,,Mrs,,,Y,,,,,DU 7-3703,,Residential,,,medium,bare name; this directory usually adds a trade for businesses; trailing 'r',1729,Residential – single-family
1956,1731,1731,,,Jay Leslie's,3,,,Y,,,,,,,DU 3-6314,,Business,shop (type not stated),General & specialty retail,low,"possessive business name, no trade given",1731,Commercial
1956,1731,1731,,,Leslie Jay,3,,,,,,,,,,DU 3-6314,,Business,shop (type not stated),General & specialty retail,low,listed as 'Jay Leslie's' at same address,1731,Commercial
1956,1731,1731,,,Leslie's Jay,3,,,Y,,,,,,,DU 3-6314,,Business,shop (type not stated),General & specialty retail,low,"possessive business name, no trade given",1731,Commercial
1960,1731,1731,,,Bunny's Music Box records,1,,,Y,"music,record",,,,,,DU 8-8460,,Business,record / music store,"Media, printing & entertainment",high,trade/name keyword,1731,Commercial
1964,1731,1731,,,HORNS CHILDRENS SHOP,1,,,,shop,,,,,,DU3-8480,,Business,clothing store,"Apparel, shoes & fabric",high,trade/name keyword,1731,Commercial
1965,1731,1731,,,HORNS CHILDRENS SHOP,1,,,,shop,,,,,,383-8480,,Business,clothing store,"Apparel, shoes & fabric",high,trade/name keyword,1731,Commercial
1968,1731,1731,,,HORNS CHILDRENS SHOP,1,,,,shop,,,,,,383-8480,,Business,clothing store,"Apparel, shoes & fabric",high,trade/name keyword,1731,Commercial
1973,1731,1731,,,Pac Record Shop,1,,,,"record,shop",,,,,,389-9513,,Business,record / music store,"Media, printing & entertainment",high,trade/name keyword,1731,Commercial
1906,1755,1755,,,Haller Samuel,1,,,,,,,,,,,,Residential,,,medium,bare name; this directory adds a trade for businesses,1755,Residential – single-family
1956,1800,1800,,,Kory's Mkts Inc Mkt No 12,3,,,Y,mkt,,,,,,DU 3-4809,,Business,grocery / market,Food stores,high,trade/name keyword,1800,Commercial
1956,1800,1800,,,Kory's Mkts Inc Market No 12 Meat Dept,3,,,Y,"dept,market,meat,mkt",,,,,,DU 9-2456,,Business,meat / seafood market,Food stores,high,trade/name keyword,1800,Commercial
1956,1800,1800,,,Van de Kamp's Holland Dutch Bakers Inc Bon Ton Mkt,3,,,Y,"baker,mkt,van",,,,,,DU 9-1621,,Business,bakery,Food stores,high,trade/name keyword,1800,Commercial
1964,1800,1800,,,SILVERMANS DEPT STORE,1,,,,"dept,store",,,,,,DU3-1922,,Business,department / variety / discount store,General & specialty retail,high,trade/name keyword,1800,Commercial
1968,1800,1800,,,EL CARMELO RESTRNT,1,,,,restrnt,,,,,,384-0021,,Business,restaurant / cafe,Restaurants & bars,high,trade/name keyword,1800,Commercial
1973,1800,1800,,,El Carmelo Bakery,1,,,,bakery,,,,,,484-9255,,Business,bakery,Food stores,high,trade/name keyword,1800,Commercial
1987,1800,1800,,,EL CARMELO BAKERY,1,Y,,,bakery,,,,,,484-9255,,Business,bakery,Food stores,high,trade/name keyword,1800,Commercial
1956,1801,1801,,,Par Paint Co,1,,,Y,paint,,,,,,DU 2-8433,,Business,hardware / paint store,"Home furnishings, hardware & appliances",high,trade/name keyword,1801,Commercial
1960,1801,1801,,,Par Paint Co,1,,,Y,paint,,,,,,DU 2-8433,,Business,hardware / paint store,"Home furnishings, hardware & appliances",high,trade/name keyword,1801,Commercial
1964,1801,1801,,,PAR PAINT CO,1,,,Y,paint,,,,,,DU2-8433,,Business,hardware / paint store,"Home furnishings, hardware & appliances",high,trade/name keyword,1801,Commercial
1965,1801,1801,,,PAR PAINT CO,1,,,Y,paint,,,,,,382-8433,,Business,hardware / paint store,"Home furnishings, hardware & appliances",high,trade/name keyword,1801,Commercial
1968,1801,1801,,,PAR PAINT CO,1,,,Y,paint,,,,,,382-8433,,Business,hardware / paint store,"Home furnishings, hardware & appliances",high,trade/name keyword,1801,Commercial
1973,1801,1801,,,Par Paint Co,1,,,Y,paint,,,,,,382-8433,,Business,hardware / paint store,"Home furnishings, hardware & appliances",high,trade/name keyword,1801,Commercial
1987,1801,1801,,,PAR PAINT CO INC,1,Y,,Y,paint,,,,,,413-4950,,Business,hardware / paint store,"Home furnishings, hardware & appliances",high,trade/name keyword,1801,Commercial
1927,1801½,1801,Y,,Gottenberg Michael,1,,,,,,,,,,DR 6568,,Residential,,,medium,bare name; this directory adds a trade for businesses,1801,Residential – single-family
1956,1801½,1801,Y,,"[address printed, no name]",1,,,,,,,,Y,,,,Unknown,,,low,number printed alone,1801,Commercial
1960,1801½,1801,Y,,"[address printed, no name]",1,,,,,,,,Y,,,,Unknown,,,low,number printed alone,1801,Commercial
1964,1802,1802,,,CALIF FEDERAL SAVNGS,1,,,,savngs,,,,,,382-2381,,Business,bank / savings & loan branch,"Finance, insurance & real estate",high,trade/name keyword,1802,Commercial
1965,1802,1802,,,CALIF FEDERAL SAVNGS,1,,,,savngs,,,,,,382-2381,,Business,bank / savings & loan branch,"Finance, insurance & real estate",high,trade/name keyword,1802,Commercial
1927,1803,1803,,,Kenny C B Dr,1,,Dr,,,,,,,,DR 4352,,Business,physician's office,Health & medical,high,trade/name keyword,1803,Mixed-use
1956,1803,1803,,Apt 2,Joseph Rose Edith,3,,,,,,,,,,DU 4-9459,,Residential,,,high,listed by unit number,1803,Mixed-use
1956,1803,1803,,,Rowe Harold Dr,3,,Dr,,,,,,,,DU 2-2567,,Business,physician's office,Health & medical,high,trade/name keyword,1803,Mixed-use
1956,1803,1803,,,Rowe Stephen Dr,3,,Dr,,,,,,,,DU 2-2567,,Business,physician's office,Health & medical,high,trade/name keyword,1803,Mixed-use
1960,1803,1803,,Apt 2,Joseph Rose Edith,3,,,,,,,,,,DU 4-9459,,Residential,,,high,listed by unit number,1803,Mixed-use
1960,1803,1803,,,Rowe Harold Dr,3,,Dr,,,,,,,,DU 2-2567,,Business,physician's office,Health & medical,high,trade/name keyword,1803,Mixed-use
1960,1803,1803,,,Rowe Stephen Dr,3,,Dr,,,,,,,,DU 2-2567,,Business,physician's office,Health & medical,high,trade/name keyword,1803,Mixed-use
1964,1803,1803,,,ROWE S,1,,,,,,,,,,DU2-2567,,Business,physician's office,Health & medical,medium,"1956-60 'Rowe Stephen Dr', same phone",1803,Commercial
1965,1803,1803,,#2,JOSEPH R E,2,,,,,,,,,,384-9459,,Residential,,,high,listed by unit number,1803,Mixed-use
1965,1803,1803,,,MNICH R M DR,2,,,,,,,,,,382-2567,,Business,physician's office,Health & medical,high,trade/name keyword,1803,Mixed-use
1968,1803,1803,,,LIVELY H C,2,,,,,,,,,,389-4465,,Residential,,,low,bare name; same surname listed as a resident here in another year; a business shares this exact address (could be the proprietor),1803,Mixed-use
1968,1803,1803,,,MNICH R M DR,2,,,,,,,,,,382-2567,,Business,physician's office,Health & medical,high,trade/name keyword,1803,Mixed-use
1973,1803,1803,,,Mnich Raymond M Dr,3,,Dr,,,,,,,,382-2567,,Business,physician's office,Health & medical,high,trade/name keyword,1803,Mixed-use
1973,1803,1803,,,Sherman Fred Dr,3,,Dr,,,,,,,,382-2567,,Business,physician's office,Health & medical,high,trade/name keyword,1803,Mixed-use
1973,1803,1803,,,Lively Harvey C,3,,,,,,,,,,389-4465,,Residential,,,low,"bare personal name, no business name; a business shares this exact address (could be the proprietor)",1803,Mixed-use
1987,1803,1803,,,MORENO JOSE,3,Y,,,,,,,,,413-2809,,Business,unidentified business (personal name in capitals),Unidentified business,low,1987 sets businesses in capitals; no trade given,1803,Commercial
1987,1803,1803,,,CAMPION TOBY DC,3,Y,DC,,,,,,,,413-3220,,Business,chiropractor's office,Health & medical,high,trade/name keyword,1803,Commercial
1987,1803,1803,,,MNICH RAYMOND M DR,3,Y,,,,,,,,,484-9063,,Business,physician's office,Health & medical,high,trade/name keyword,1803,Commercial
1927,1803½,1803,Y,,Hubbard Vanda,1,,,,,,,,,,DU 4226,,Residential,,,medium,bare name; this directory adds a trade for businesses,1803,Mixed-use
1964,1804,1804,,,ONYX BEAUTY SALON,1,,,,"beauty,salon",,,,,,383-0591,,Business,beauty salon,Personal services,high,trade/name keyword,1804,Commercial
1965,1804,1804,,,ONYX BEAUTY SALON,1,,,,"beauty,salon",,,,,,383-0591,,Business,beauty salon,Personal services,high,trade/name keyword,1804,Commercial
1968,1804,1804,,,ONYX BEAUTY SALON,1,,,,"beauty,salon",,,,,,383-0591,,Business,beauty salon,Personal services,high,trade/name keyword,1804,Commercial
1956,1805,1805,,,Label Inn,1,,,,inn,,,,,,DU 2-0125,,Business,bar / tavern (likely),Restaurants & bars,low,'Inn'; later a beer bar at the same address,1805,Commercial
1960,1805,1805,,,Label Inn,1,,,,inn,,,,,,DU 2-0125,,Business,bar / tavern (likely),Restaurants & bars,low,'Inn'; later a beer bar at the same address,1805,Commercial
1964,1805,1805,,,LABEL INN THE,1,,,,inn,,,,,,386-0848,,Business,bar / tavern (likely),Restaurants & bars,low,'Inn'; later a beer bar at the same address,1805,Commercial
1965,1805,1805,,,LABEL INN THE,1,,,,inn,,,,,,386-0848,,Business,bar / tavern (likely),Restaurants & bars,low,'Inn'; later a beer bar at the same address,1805,Commercial
1968,1805,1805,,,EL PRADO BEER BAR,1,,,,bar,,,,,,386-0848,,Business,bar / cocktail lounge,Restaurants & bars,high,trade/name keyword,1805,Commercial
1973,1805,1805,,,El Prado,1,,,,,,,,,,386-0104,,Business,bar / cocktail lounge,Restaurants & bars,medium,1968 'EL PRADO BEER BAR' at same address,1805,Commercial
1987,1805,1805,,,EL PRADO,2,Y,,,,,,,,,413-9673,,Business,bar / cocktail lounge,Restaurants & bars,medium,1968 'EL PRADO BEER BAR' at same address,1805,Commercial
1987,1805,1805,,,EL PRADO,2,Y,,,,,,,,,483-8609,,Business,bar / cocktail lounge,Restaurants & bars,medium,1968 'EL PRADO BEER BAR' at same address,1805,Commercial
1964,1806,1806,,,BILLS SPORTING GOODS,1,,,,,,,,,,DU7-3976,,Business,sporting goods store,General & specialty retail,high,trade/name keyword,1806,Commercial
1965,1806,1806,,,BILLS SPORTING GOODS,1,,,,,,,,,,387-3976,,Business,sporting goods store,General & specialty retail,high,trade/name keyword,1806,Commercial
1968,1806,1806,,,ALMACENES A,1,,,,,,,,,,384-3044,,Business,department / variety / discount store,General & specialty retail,high,trade/name keyword,1806,Commercial
1973,1806,1806,,,Alamar Jewelry,1,,,,jewel,,,,,,484-0626,,Business,jewelry store,General & specialty retail,high,trade/name keyword,1806,Commercial
1987,1806,1806,,,ALAMAR TRAVEL SERVICE,4,Y,,,travel,,,,,,413-1522,,Business,travel agency,Professional & business services,high,trade/name keyword,1806,Commercial
1987,1806,1806,,,ALAMAR TRAVEL SERVICE,4,Y,,,travel,,,,,,413-2900,,Business,travel agency,Professional & business services,high,trade/name keyword,1806,Commercial
1987,1806,1806,,,ALAMAR JEWELRY,4,Y,,,jewel,,,,,,484-2222,,Business,jewelry store,General & specialty retail,high,trade/name keyword,1806,Commercial
1987,1806,1806,,,ALAMAR TRAVEL BUREAU,4,Y,,,travel,,,,,,484-2222,,Business,travel agency,Professional & business services,high,trade/name keyword,1806,Commercial
1927,1807,1807,,,Straub Eli S,1,,,,,,,,,,DR 4372,,Residential,,,medium,bare name; this directory adds a trade for businesses,1807,Residential – single-family
1956,1807,1807,,,Marlene Beauty Shoppe,1,,,,"beauty,shop",,,,,,DU 4-7038,,Business,beauty salon,Personal services,high,trade/name keyword,1807,Commercial
1960,1807,1807,,,Marlene Beauty Shoppe,1,,,,"beauty,shop",,,,,,DU 4-7038,,Business,beauty salon,Personal services,high,trade/name keyword,1807,Commercial
1964,1807,1807,,,MARLENE BTY SHOP,1,,,,"bty,shop",,,,,,DU4-7038,,Business,beauty salon,Personal services,high,trade/name keyword,1807,Commercial
1965,1807,1807,,,MARLENE BTY SHOP,1,,,,"bty,shop",,,,,,384-7038,,Business,beauty salon,Personal services,high,trade/name keyword,1807,Commercial
1968,1807,1807,,,SHARVAT BEAUTY SALON,1,,,,"beauty,salon",,,,,,384-0473,,Business,beauty salon,Personal services,high,trade/name keyword,1807,Commercial
1973,1807,1807,,,Sharvat Beauty Salon,1,,,,"beauty,salon",,,,,,384-0473,,Business,beauty salon,Personal services,high,trade/name keyword,1807,Commercial
1987,1807,1807,,,SHARVAT BEAUTY SALON,1,Y,,,"beauty,salon",,,,,,413-1787,,Business,beauty salon,Personal services,high,trade/name keyword,1807,Commercial
1960,1808,1808,,,Youngs Pet Shop,1,,,,"pet,shop",,,,,,DU 5-8576,,Business,pet / tropical fish shop,General & specialty retail,high,trade/name keyword,1808,Commercial
1964,1808,1808,,,YOUNGS TROPICAL FISH,1,,,,fish,,,,,,DU5-8576,,Business,pet / tropical fish shop,General & specialty retail,high,trade/name keyword,1808,Commercial
1968,1808,1808,,,MARKS YARDAGE OUTLET,1,,,,"outlet,yardage",,,,,,382-5768,,Business,fabric / yardage store,"Apparel, shoes & fabric",high,trade/name keyword,1808,Commercial
1973,1808,1808,,,Mark's Yardage & Remnants Outlet,1,,,Y,"outlet,yardage",,,,,,484-9577,,Business,fabric / yardage store,"Apparel, shoes & fabric",high,trade/name keyword,1808,Commercial
1987,1808,1808,,,APPLE TRAVEL BROKERS INC,1,Y,,Y,travel,,,,,,483-5722,,Business,travel agency,Professional & business services,high,trade/name keyword,1808,Commercial
1956,1809,1809,,,Ballard Rlty Co,1,,,Y,rlty,,,,,,DU 8-2041,,Business,real estate / property,"Finance, insurance & real estate",high,trade/name keyword,1809,Commercial
1960,1809,1809,,,Willingham E H rltr,1,,,,rltr,,,,,,DU 8-2041,,Business,real estate / property,"Finance, insurance & real estate",high,trade/name keyword,1809,Commercial
1964,1809,1809,,,GORDON JIM E RLTY,1,,,,rlty,,,,,,DU8-0377,,Business,real estate / property,"Finance, insurance & real estate",high,trade/name keyword,1809,Commercial
1965,1809,1809,,,GORDON JIM E RLTY,1,,,,rlty,,,,,,388-0377,,Business,real estate / property,"Finance, insurance & real estate",high,trade/name keyword,1809,Commercial
1968,1809,1809,,,GORDON JIM E RLTY,1,,,,rlty,,,,,,388-0377,,Business,real estate / property,"Finance, insurance & real estate",high,trade/name keyword,1809,Commercial
1973,1809,1809,,,Gordon Jim E Realty,1,,,,realty,,,,,,388-0377,,Business,real estate / property,"Finance, insurance & real estate",high,trade/name keyword,1809,Commercial
1987,1809,1809,,,GORDON CHRISTMAS REAL ESTATE,1,Y,,,real est,,,,,,413-5044,,Business,real estate / property,"Finance, insurance & real estate",high,trade/name keyword,1809,Commercial
1927,1811,1811,,,Emshwiller Mayme,1,,,,,,,,,,DU 1220,,Residential,,,medium,bare name; this directory adds a trade for businesses,1811,Residential – single-family
1956,1811,1811,,,Anson Amsden H,1,,,,,,,,,,DU 4-8290,,Residential,,,medium,bare name; this directory usually adds a trade for businesses,1811,Residential – single-family
1960,1811,1811,,,Grave Ben,1,,,,,,,,,,DU 8-7593,,Residential,,,medium,bare name; this directory usually adds a trade for businesses,1811,Residential – single-family
1964,1811,1811,,,GRAVE B,1,,,,,,,,,,DU8-7593,,Residential,,,medium,bare name; same surname listed as a resident here in another year,1811,Residential – multifamily
1965,1811,1811,,,GRAVE B,1,,,,,,,,,,388-7593,,Residential,,,medium,bare name; same surname listed as a resident here in another year,1811,Residential – multifamily
1968,1811,1811,,,GRAVE B,1,,,,,,,,,,388-7593,,Residential,,,medium,bare name; same surname listed as a resident here in another year,1811,Residential – single-family
1973,1811,1811,,,Underhill Clyde,2,,,,,,,,,,380-0044,,Residential,,,medium,"bare personal name, no business name",1811,Residential – multifamily
1973,1811,1811,,,Underhill Ella,2,,,,,,,,,,380-3231,,Residential,,,medium,"bare personal name, no business name",1811,Residential – multifamily
1964,1811½,1811,Y,,BOYLE EVA W,1,,,,,,,,,,388-3072,,Residential,,,low,1964-68 printouts often drop trades; bare name with no other evidence,1811,Residential – multifamily
1965,1811½,1811,Y,,BOYLE EVA W,1,,,,,,,,,,388-3072,,Residential,,,low,1964-68 printouts often drop trades; bare name with no other evidence,1811,Residential – multifamily
1973,1811½,1811,Y,,Aldridge Jimmy,1,,,,,,,,,,388-4986,,Residential,,,medium,"bare personal name, no business name",1811,Residential – multifamily
1987,1811½,1811,Y,,Aldridge Jimmy,1,N,,,,,,,,,413-4981,,Residential,,,high,1987 sets residents in mixed case,1811,Residential – single-family
1956,1813,1813,,,Corman Edna,1,,,,,,,,,,DU 3-9580,,Residential,,,medium,bare name; this directory usually adds a trade for businesses,1813,Residential – multifamily
1960,1813,1813,,,Corman Edna,1,,,,,,,,,,DU 3-9580,,Residential,,,medium,bare name; this directory usually adds a trade for businesses,1813,Residential – single-family
1964,1813,1813,,,CORMAN EDNA,1,,,,,,,,,,DU3-9580,,Residential,,,medium,bare name; same surname listed as a resident here in another year,1813,Residential – single-family
1965,1813,1813,,,CORMAN EDNA,1,,,,,,,,,,383-9580,,Residential,,,medium,bare name; same surname listed as a resident here in another year,1813,Residential – multifamily
1968,1813,1813,,,CORMAN EDNA,1,,,,,,,,,,383-9580,,Residential,,,medium,bare name; same surname listed as a resident here in another year,1813,Residential – multifamily
1987,1813,1813,,,Piedra Juan V,1,N,,,,,,,,,413-2316,,Residential,,,high,1987 sets residents in mixed case,1813,Residential – single-family
1956,1813½,1813,Y,,Ludington Elmer r,1,,,,,Y,,,,,DU 4-6582,,Residential,,,medium,bare name; this directory usually adds a trade for businesses; trailing 'r',1813,Residential – multifamily
1965,1813½,1813,Y,,GILBERT M,1,,,,,,,,,,387-0264,,Residential,,,medium,bare name; same surname listed as a resident here in another year,1813,Residential – multifamily
1968,1813½,1813,Y,,GILBERT M,1,,,,,,,,,,387-0264,,Residential,,,medium,bare name; same surname listed as a resident here in another year,1813,Residential – multifamily
1973,1813½,1813,Y,,Gilbert Mary,1,,,,,,,,,,387-0264,,Residential,,,medium,"bare personal name, no business name",1813,Residential – single-family
1956,1814,1814,,,Stewart Lithograph Co,1,,,Y,lithograph,,,,,,DU 4-4157,,Business,printing shop,"Media, printing & entertainment",high,trade/name keyword,1814,Commercial
1960,1816,1816,,,Sacchi Portrait Studio photgrphr,1,,,,"photgr,studio",,,,,,DU 3-9452,,Business,photography / portrait studio,"Media, printing & entertainment",high,trade/name keyword,1816,Commercial
1964,1816,1816,,,ECHO PARK VACUUM SLS,1,,,,vacuum,,,,,,385-3829,,Business,vacuum cleaner sales,"Home furnishings, hardware & appliances",high,trade/name keyword,1816,Commercial
1965,1816,1816,,,ECHO PARK VACUUM SLS,1,,,,vacuum,,,,,,385-3829,,Business,vacuum cleaner sales,"Home furnishings, hardware & appliances",high,trade/name keyword,1816,Commercial
1987,1816,1816,,,ALAMAR FURNITURE,1,Y,,,furn,,,,,,484-2222,,Business,furniture store,"Home furnishings, hardware & appliances",high,trade/name keyword,1816,Commercial
1956,1816½,1816,Y,,Hardin Transfr & Storage Co,2,,,Y,"storage,transfr",,,,,,DU 8-1311,,Business,moving & storage,"Light industrial, trades & wholesale",high,trade/name keyword,1816,Commercial
1956,1816½,1816,Y,,Hardin's Storage & Transfr Co,2,,,Y,"storage,transfr",,,,,,DU 8-1311,,Business,moving & storage,"Light industrial, trades & wholesale",high,trade/name keyword,1816,Commercial
1960,1816½,1816,Y,,Hardin Piano Movers,3,,,,"movers,piano",,,,,,DU 8-1311,,Business,moving & storage,"Light industrial, trades & wholesale",high,trade/name keyword,1816,Commercial
1960,1816½,1816,Y,,Hardin Transfr & Storage Co,3,,,Y,"storage,transfr",,,,,,DU 8-1311,,Business,moving & storage,"Light industrial, trades & wholesale",high,trade/name keyword,1816,Commercial
1960,1816½,1816,Y,,Hardin's Storage & Transfr Co,3,,,Y,"storage,transfr",,,,,,DU 8-1311,,Business,moving & storage,"Light industrial, trades & wholesale",high,trade/name keyword,1816,Commercial
1964,1816½,1816,Y,,K-Y PIANO MOVERS,1,,,,"movers,piano",,,,,,387-2157,,Business,moving & storage,"Light industrial, trades & wholesale",high,trade/name keyword,1816,Commercial
1965,1816½,1816,Y,,K-Y PIANO MOVERS,1,,,,"movers,piano",,,,,,387-2157,,Business,moving & storage,"Light industrial, trades & wholesale",high,trade/name keyword,1816,Commercial
1968,1816½,1816,Y,,JULIA MFG CO,1,,,Y,mfg,,,,,,386-1716,,Business,manufacturing / manufacturers' agent,"Light industrial, trades & wholesale",high,trade/name keyword,1816,Commercial
1927,1817,1817,,,Kenmore Apts,3,,,,,,,,,,DR 4140,,Apartment building,,,high,building name or APARTMENT heading,1817,Residential – multifamily
1927,1817,1817,,,Lamont Janet L,3,,,,,,,,,,DR 4360,,Residential,,,medium,bare name; this directory adds a trade for businesses,1817,Residential – multifamily
1927,1817,1817,,,Wilson Zenia P Mrs,3,,Mrs,,,,,,,,DR 6220,,Residential,,,medium,bare name; this directory adds a trade for businesses,1817,Residential – multifamily
1956,1820,1820,,,Sacchi Portrait Studio photgrphr,1,,,,"photgr,studio",,,,,,DU 3-9452,,Business,photography / portrait studio,"Media, printing & entertainment",high,trade/name keyword,1820,Commercial
1956,1822,1822,,,Barraza Natalia restrnt,1,,,,restrnt,,,,,,DU 2-0179,,Business,restaurant / cafe,Restaurants & bars,high,trade/name keyword,1822,Commercial
1960,1822,1822,,,Nayarit Restaurant,1,,,,restaurant,,,,,,DU 2-0179,,Business,restaurant / cafe,Restaurants & bars,high,trade/name keyword,1822,Commercial
1964,1822,1822,,,NAYARIT RESTAURANT,1,,,,restaurant,,,,,,382-0179,,Business,restaurant / cafe,Restaurants & bars,high,trade/name keyword,1822,Commercial
1965,1822,1822,,,NAYARIT RESTAURANT,2,,,,restaurant,,,,,,382-0179,,Business,restaurant / cafe,Restaurants & bars,high,trade/name keyword,1822,Commercial
1965,1822,1822,,,NAYARIT RESTAURANT,2,,,,restaurant,,,,,,386-0179,,Business,restaurant / cafe,Restaurants & bars,high,trade/name keyword,1822,Commercial
1973,1822,1822,,,Nayarit Restaurant,1,,,,restaurant,,,,,,484-0766,,Business,restaurant / cafe,Restaurants & bars,high,trade/name keyword,1822,Commercial
1987,1822,1822,,,NAYARIT RESTAURANT,1,Y,,,restaurant,,,,,,484-0766,,Business,restaurant / cafe,Restaurants & bars,high,trade/name keyword,1822,Commercial
1956,1824,1824,,,American Legion Echo Park Post No 414,1,,,,legion,,,,,,DU 9-9643,,Institutional,veterans' post (American Legion),Institutional & civic,high,trade/name keyword,1824,Institutional
1960,1824,1824,,,American Legion Los Angeles Posts Echo Park Post No 414,1,,,,legion,,,,,,DU 9-9643,,Institutional,veterans' post (American Legion),Institutional & civic,high,trade/name keyword,1824,Institutional
1965,1824,1824,,,SILVERLAKE NATL BANK,1,,,,bank,,,,,,386-2266,,Business,bank / savings & loan branch,"Finance, insurance & real estate",high,trade/name keyword,1824,Commercial
1973,1824,1824,,,Photoland Studios,5,,,,"photo,studio",,,,,,483-0369,,Business,photography / portrait studio,"Media, printing & entertainment",high,trade/name keyword,1824,Commercial
1973,1824,1824,,,Glynn Boxer & Phillips,5,,,Y,,,,,,,484-1121,,Business,accountant,Professional & business services,medium,1968 'GLYNN-BOXER-CPAS',1824,Commercial
1973,1824,1824,,,Photoland Studios,5,,,,"photo,studio",,,,,,484-1363,,Business,photography / portrait studio,"Media, printing & entertainment",high,trade/name keyword,1824,Commercial
1973,1824,1824,,#106,Circulo Chileno,5,,,,,,,,,,483-2588,,Institutional,community / social club,Institutional & civic,high,trade/name keyword,1824,Commercial
1973,1824,1824,,#202,Meyers Signs,5,,,,sign,,,,,,483-6506,,Business,sign maker,"Light industrial, trades & wholesale",high,trade/name keyword,1824,Commercial
1987,1824,1824,,,GLYNN BOXER & PHILLIPS,1,Y,,Y,,,,,,,484-1121,,Business,accountant,Professional & business services,medium,1968 'GLYNN-BOXER-CPAS',1824,Commercial
1956,1825,1825,,,Geanies Beautiful Dresses,1,,,,dress,,,,,,DU 4-7341,,Business,clothing store,"Apparel, shoes & fabric",high,trade/name keyword,1825,Commercial
1960,1825,1825,,,Geanies Beautiful Dresses,1,,,,dress,,,,,,DU 4-7341,,Business,clothing store,"Apparel, shoes & fabric",high,trade/name keyword,1825,Commercial
1964,1825,1825,,,GEANIES DRESSES,1,,,,dress,,,,,,DU4-7341,,Business,clothing store,"Apparel, shoes & fabric",high,trade/name keyword,1825,Commercial
1965,1825,1825,,,GEANIES DRESSES,1,,,,dress,,,,,,384-7341,,Business,clothing store,"Apparel, shoes & fabric",high,trade/name keyword,1825,Commercial
1968,1825,1825,,,GEANIES DRESSES,1,,,,dress,,,,,,384-7341,,Business,clothing store,"Apparel, shoes & fabric",high,trade/name keyword,1825,Commercial
1973,1825,1825,,,Hiro Realty Co,1,,,Y,realty,,,,,,382-3025,,Business,real estate / property,"Finance, insurance & real estate",high,trade/name keyword,1825,Commercial
1987,1825,1825,,,PETRIE GEORGE A,2,Y,,,,,,,,,483-3128,,Business,finance / loan company,"Finance, insurance & real estate",low,same phone as 1973 'Bankers Financial Co'; 1987 capitals,1825,Mixed-use
1987,1825,1825,,#7,Rothermel Conrad G,2,N,,,,,,,,,413-0218,,Residential,,,high,listed by unit number,1825,Mixed-use
1927,1827,1827,,,Roberts Arms Apts,10,,,,,,,,,,DR 1861,,Apartment building,,,high,building name or APARTMENT heading,1827,Residential – multifamily
1927,1827,1827,,#7,[unit phone only],10,,,,,,,,,Y,DR 3517,,Residential,,,medium,unit phone listed without a name,1827,Residential – multifamily
1927,1827,1827,,#11,[unit phone only],10,,,,,,,,,Y,DR 4979,,Residential,,,medium,unit phone listed without a name,1827,Residential – multifamily
1927,1827,1827,,#15,[unit phone only],10,,,,,,,,,Y,DU 8475,,Residential,,,medium,unit phone listed without a name,1827,Residential – multifamily
1927,1827,1827,,#17,[unit phone only],10,,,,,,,,,Y,DR 2724,,Residential,,,medium,unit phone listed without a name,1827,Residential – multifamily
1927,1827,1827,,#19,[unit phone only],10,,,,,,,,,Y,DR 8833,,Residential,,,medium,unit phone listed without a name,1827,Residential – multifamily
1927,1827,1827,,#28,[unit phone only],10,,,,,,,,,Y,DR 0960,,Residential,,,medium,unit phone listed without a name,1827,Residential – multifamily
1927,1827,1827,,,Campbell Alice,10,,,,,,,,,,DR 0464,,Residential,,,medium,bare name; this directory adds a trade for businesses,1827,Residential – multifamily
1927,1827,1827,,,Lamb Eugenia,10,,,,,,,,,,DR 6749,,Residential,,,medium,bare name; this directory adds a trade for businesses,1827,Residential – multifamily
1927,1827,1827,,,Starks Mattie P,10,,,,,,,,,,DR 0299,,Residential,,,medium,bare name; this directory adds a trade for businesses,1827,Residential – multifamily
1956,1827,1827,,Apt 1,Ferrell Mary A,17,,,,,,,,,,DU 6-0362,,Residential,,,high,listed by unit number,1827,Mixed-use
1956,1827,1827,,Apt 1,Ware Jeanette,17,,,,,,,,,,DU 9-0985,,Residential,,,high,listed by unit number,1827,Mixed-use
1956,1827,1827,,Apt 2,Chatman Gladys,17,,,,,,,,,,DU 4-7964,,Residential,,,high,listed by unit number,1827,Mixed-use
1956,1827,1827,,Apt 3,Sundine Virginia R,17,,,,,,,,,,DU 9-2371,,Residential,,,high,listed by unit number,1827,Mixed-use
1956,1827,1827,,Apt 4,Fisher Roberta,17,,,,fish,,,,,,DU 8-6232,,Residential,,,high,listed by unit number,1827,Mixed-use
1956,1827,1827,,Apt 5,McHan Anna,17,,,,,,,,,,DU 8-6227,,Residential,,,high,listed by unit number,1827,Mixed-use
1956,1827,1827,,Apt 102,Carnes Ruth Mrs,17,,Mrs,,,,,,,,DU 5-4624,,Residential,,,high,listed by unit number,1827,Mixed-use
1956,1827,1827,,Apt 103,Berryhill Geo E,17,,,,,,,,,,DU 8-3774,,Residential,,,high,listed by unit number,1827,Mixed-use
1956,1827,1827,,Apt 104,Rosnau Adeline,17,,,,,,,,,,DU 7-1571,,Residential,,,high,listed by unit number,1827,Mixed-use
1956,1827,1827,,Apt 105,Thorup Maria,17,,,,,,,,,,DU 2-1728,,Residential,,,high,listed by unit number,1827,Mixed-use
1956,1827,1827,,Apt 106,Miller Frances M,17,,,,,,,,,,DU 8-9958,,Residential,,,high,listed by unit number,1827,Mixed-use
1956,1827,1827,,Apt 107,Stegall Sarah,17,,,,,,,,,,DU 9-2993,,Residential,,,high,listed by unit number,1827,Mixed-use
1956,1827,1827,,Apt 202,Pate Delton B,17,,,,,,,,,,DU 9-2339,,Residential,,,high,listed by unit number,1827,Mixed-use
1956,1827,1827,,Apt 203,Pittock Lettie Mrs,17,,Mrs,,,,,,,,DU 9-3252,,Residential,,,high,listed by unit number,1827,Mixed-use
1956,1827,1827,,Apt 204,Carpenter Stella,17,,,,,,,,,,DU 5-4986,,Business,carpentry shop,"Light industrial, trades & wholesale",high,trade/name keyword,1827,Mixed-use
1956,1827,1827,,Apt 205,Evans Lola,17,,,,,,,,,,DU 7-7429,,Residential,,,high,listed by unit number,1827,Mixed-use
1956,1827,1827,,Apt 207,Gans Blanche Mrs,17,,Mrs,,,,,,,,DU 5-4783,,Residential,,,high,listed by unit number,1827,Mixed-use
1960,1827,1827,,Apt 1,Ferrell Mary A,14,,,,,,,,,,DU 6-0362,,Residential,,,high,listed by unit number,1827,Mixed-use
1960,1827,1827,,Apt 2,Chatman Gladys,14,,,,,,,,,,DU 4-7964,,Residential,,,high,listed by unit number,1827,Mixed-use
1960,1827,1827,,Apt 4,Black Nina L,14,,,,,,,,,,DU 3-0702,,Residential,,,high,listed by unit number,1827,Mixed-use
1960,1827,1827,,Apt 7,Nelson Tullia,14,,,,,,,,,,DU 3-0581,,Residential,,,high,listed by unit number,1827,Mixed-use
1960,1827,1827,,Apt 101,McLendon Geo Mrs,14,,Mrs,,,,,,,,DU 9-0983,,Residential,,,high,listed by unit number,1827,Mixed-use
1960,1827,1827,,Apt 102,Buck Florence M Mrs,14,,Mrs,,,,,,,,DU 7-3630,,Residential,,,high,listed by unit number,1827,Mixed-use
1960,1827,1827,,Apt 103,Roedema K Mrs,14,,Mrs,,,,,,,,DU 4-9908,,Residential,,,high,listed by unit number,1827,Mixed-use
1960,1827,1827,,Apt 106,Miller Frances M,14,,,,,,,,,,DU 8-9958,,Residential,,,high,listed by unit number,1827,Mixed-use
1960,1827,1827,,Apt 107,Dunwoody Viola Mrs,14,,Mrs,,,,,,,,DU 5-5752,,Residential,,,high,listed by unit number,1827,Mixed-use
1960,1827,1827,,Apt 108,Dinwiddie Ethel C Mrs,14,,Mrs,,,,,,,,DU 2-7565,,Residential,,,high,listed by unit number,1827,Mixed-use
1960,1827,1827,,Apt 201,Powell Joann,14,,,,,,,,,,DU 2-1801,,Residential,,,high,listed by unit number,1827,Mixed-use
1960,1827,1827,,Apt 203,Rushton Marion,14,,,,,,,,,,DU 4-0241,,Residential,,,high,listed by unit number,1827,Mixed-use
1960,1827,1827,,Apt 204,Carpenter Stella,14,,,,,,,,,,DU 5-4986,,Business,carpentry shop,"Light industrial, trades & wholesale",high,trade/name keyword,1827,Mixed-use
1960,1827,1827,,Apt 205,Evans Lola,14,,,,,,,,,,DU 7-7429,,Residential,,,high,listed by unit number,1827,Mixed-use
1964,1827,1827,,#1,FERRELL MARY A,8,,,,,,,,,,387-2950,,Residential,,,high,listed by unit number,1827,Residential – multifamily
1964,1827,1827,,#3,LINDBLAD S ENGL MRS,8,,,,,,,,,,382-1747,,Residential,,,high,listed by unit number,1827,Residential – multifamily
1964,1827,1827,,#7,ROBERSON LILLIAN,8,,,,,,,,,,388-5569,,Residential,,,high,listed by unit number,1827,Residential – multifamily
1964,1827,1827,,#101,MC LENDON GEO,8,,,,,,,,,,DU9-0985,,Residential,,,high,listed by unit number,1827,Residential – multifamily
1964,1827,1827,,#108,SMITH ISABEL,8,,,,,,,,,,385-4605,,Residential,,,high,listed by unit number,1827,Residential – multifamily
1964,1827,1827,,#202,OLSON C,8,,,,,,,,,,387-4862,,Residential,,,high,listed by unit number,1827,Residential – multifamily
1964,1827,1827,,#205,EVANS LOLA,8,,,,,,,,,,DU7-7429,,Residential,,,high,listed by unit number,1827,Residential – multifamily
1964,1827,1827,,#206,MURRAY LILY,8,,,,,,,,,,DU9-7353,,Residential,,,high,listed by unit number,1827,Residential – multifamily
1965,1827,1827,,#1,FERRELL MARY A,10,,,,,,,,,,387-2950,,Residential,,,high,listed by unit number,1827,Residential – multifamily
1965,1827,1827,,#2,BURNETT M L,10,,,,,,,,,,387-9325,,Residential,,,high,listed by unit number,1827,Residential – multifamily
1965,1827,1827,,#3,LINDBLAD S ENGL MRS,10,,,,,,,,,,382-1747,,Residential,,,high,listed by unit number,1827,Residential – multifamily
1965,1827,1827,,#7,ROBERSON LILLIAN,10,,,,,,,,,,388-5569,,Residential,,,high,listed by unit number,1827,Residential – multifamily
1965,1827,1827,,#101,MC LENDON GEO,10,,,,,,,,,,389-0985,,Residential,,,high,listed by unit number,1827,Residential – multifamily
1965,1827,1827,,#102,HENIGMAN M R,10,,,,,,,,,,384-3897,,Residential,,,high,listed by unit number,1827,Residential – multifamily
1965,1827,1827,,#108,SMITH ISABEL,10,,,,,,,,,,385-4605,,Residential,,,high,listed by unit number,1827,Residential – multifamily
1965,1827,1827,,#201,MURRAY L,10,,,,,,,,,,389-7353,,Residential,,,high,listed by unit number,1827,Residential – multifamily
1965,1827,1827,,#202,OLSON C,10,,,,,,,,,,387-4862,,Residential,,,high,listed by unit number,1827,Residential – multifamily
1965,1827,1827,,#205,MERLO A F,10,,,,,,,,,,384-3672,,Residential,,,high,listed by unit number,1827,Residential – multifamily
1968,1827,1827,,#1,DIETZ E,10,,,,,,,,,,383-4469,,Residential,,,high,listed by unit number,1827,Residential – multifamily
1968,1827,1827,,#3,LINDBLAD S ENGL MRS,10,,,,,,,,,,382-1747,,Residential,,,high,listed by unit number,1827,Residential – multifamily
1968,1827,1827,,#5,LOGG E M,10,,,,,,,,,,384-5416,,Residential,,,high,listed by unit number,1827,Residential – multifamily
1968,1827,1827,,#102,CUCCIA C,10,,,,,,,,,,388-0387,,Residential,,,high,listed by unit number,1827,Residential – multifamily
1968,1827,1827,,#103,ROBERSON L,10,,,,,,,,,,388-5569,,Residential,,,high,listed by unit number,1827,Residential – multifamily
1968,1827,1827,,#104,STARR K,10,,,,,,,,,,385-3734,,Residential,,,high,listed by unit number,1827,Residential – multifamily
1968,1827,1827,,#105,FREEMAN F,10,,,,,,,,,,383-2902,,Residential,,,high,listed by unit number,1827,Residential – multifamily
1968,1827,1827,,#108,SMITH ISABEL,10,,,,,,,,,,385-4605,,Residential,,,high,listed by unit number,1827,Residential – multifamily
1968,1827,1827,,#202,CARTER M,10,,,,,,,,,,383-4593,,Residential,,,high,listed by unit number,1827,Residential – multifamily
1968,1827,1827,,#205,COMPTON O H,10,,,,,,,,,,389-3435,,Residential,,,high,listed by unit number,1827,Residential – multifamily
1973,1827,1827,,#8,Neslund Nels,7,,,,,,,,,,387-3025,,Residential,,,high,listed by unit number,1827,Residential – multifamily
1973,1827,1827,,#103,Barnes Fred,7,,,,,,,,,,388-9200,,Residential,,,high,listed by unit number,1827,Residential – multifamily
1973,1827,1827,,#104,Chicarello Rose,7,,,,,,,,,,487-1065,,Residential,,,high,listed by unit number,1827,Residential – multifamily
1973,1827,1827,,#108,Robertson Harry,7,,,,,,,,,,387-3050,,Residential,,,high,listed by unit number,1827,Residential – multifamily
1973,1827,1827,,#201,Bickerdike Vallie Mrs,7,,Mrs,,,,,,,,387-6294,,Residential,,,high,listed by unit number,1827,Residential – multifamily
1973,1827,1827,,#203,Johnson Florence,7,,,,,,,,,,382-8089,,Residential,,,high,listed by unit number,1827,Residential – multifamily
1973,1827,1827,,#208,Tinsley E L,7,,,,,,,,,,384-0370,,Residential,,,high,listed by unit number,1827,Residential – multifamily
1987,1827,1827,,,Stevens Jack J,3,N,,,,,,,,,483-5394,,Residential,,,high,1987 sets residents in mixed case,1827,Residential – multifamily
1987,1827,1827,,#103,Chaffin James,3,N,,,,,,,,,483-5400,,Residential,,,high,listed by unit number,1827,Residential – multifamily
1987,1827,1827,,#208,Jacyna Albert,3,N,,,,,,,,,413-4192,,Residential,,,high,listed by unit number,1827,Residential – multifamily
1973,1828,1828,,,Onyx Beauty Salon,4,,,,"beauty,salon",,,,,,483-7239,,Business,beauty salon,Personal services,high,trade/name keyword,1828,Commercial
1973,1828,1828,,,Onyx Beauty Salon,4,,,,"beauty,salon",,,,,,484-9447,,Business,beauty salon,Personal services,high,trade/name keyword,1828,Commercial
1973,1828,1828,,#1,Bankers Financial Co,4,,,Y,"bank,financial",,,,,,483-3128,,Business,finance / loan company,"Finance, insurance & real estate",high,trade/name keyword,1828,Commercial
1973,1828,1828,,#3,Helena Leasing Co,4,,,Y,leasing,,,,,,484-0053,,Business,finance / loan company,"Finance, insurance & real estate",high,trade/name keyword,1828,Commercial
1987,1828,1828,,,CENTRAL CITY ACTION COMMUNITY,1,Y,,,,,,,,,484-6083,,Institutional,community action agency,Institutional & civic,high,trade/name keyword,1828,Institutional
1965,1829,1829,,,HERBS KEY SHOP,1,,,,shop,,,,,,383-2277,,Business,key shop / locksmith,Personal services,high,trade/name keyword,1829,Commercial
1968,1829,1829,,,HERBS KEY SHOP,1,,,,shop,,,,,,383-2277,,Business,key shop / locksmith,Personal services,high,trade/name keyword,1829,Commercial
1973,1829,1829,,,Herb's Key Shop,2,,,Y,shop,,,,,,382-3222,,Business,key shop / locksmith,Personal services,high,trade/name keyword,1829,Commercial
1973,1829,1829,,,Herb's Master Locksmiths,2,,,Y,,,,,,,487-7151,,Business,key shop / locksmith,Personal services,high,trade/name keyword,1829,Commercial
1987,1829,1829,,,HERB'S MASTER LOCKSMITHS,1,Y,,Y,,,,,,,413-4535,,Business,key shop / locksmith,Personal services,high,trade/name keyword,1829,Commercial
1960,1830,1830,,Apt 5,Hemme Laura E,4,,,,,,,,,,DU 7-8682,,Residential,,,high,listed by unit number,1830,Mixed-use
1960,1830,1830,,Rm 7,Dostal S Dental Lab,4,,,,dental,,,,,,DU 5-8633,,Business,dental laboratory,Health & medical,high,trade/name keyword,1830,Mixed-use
1960,1830,1830,,Apt 9,Blevins Geo M,4,,,,,,,,,,DU 4-6826,,Residential,,,high,listed by unit number,1830,Mixed-use
1960,1830,1830,,Apt 9,Espin Douglas,4,,,,,,,,,,DU 4-6826,,Residential,,,high,listed by unit number,1830,Mixed-use
1964,1830,1830,,#5,GILKEY BIRDIE M,2,,,,,,,,,,387-3560,,Residential,,,high,listed by unit number,1830,Mixed-use
1964,1830,1830,,#7,DOSTAL S DENTAL LAB,2,,,,dental,,,,,,DU5-8633,,Business,dental laboratory,Health & medical,high,trade/name keyword,1830,Mixed-use
1965,1830,1830,,#5,KINNIS E F,1,,,,,,,,,,384-5016,,Residential,,,high,listed by unit number,1830,Residential – multifamily
1968,1830,1830,,,[BUILDING – no units listed],1,,,,,,,,Y,,,,Unknown,,,low,BUILDING heading only,1830,Unknown
1973,1830,1830,,,Cohen Michael B Dr,2,,Dr,,,,,,,,483-5969,,Business,physician's office,Health & medical,high,trade/name keyword,1830,Mixed-use
1973,1830,1830,,#5,Puentes Esther,2,,,,,,,,,,484-0307,,Residential,,,high,listed by unit number,1830,Mixed-use
1987,1830,1830,,,COHEN MICHAEL B DR,2,Y,,,,,,,,,483-5969,,Business,physician's office,Health & medical,high,trade/name keyword,1830,Mixed-use
1987,1830,1830,,#6,Espinoza Alfredo,2,N,,,,,,,,,484-0777,,Residential,,,high,listed by unit number,1830,Mixed-use
1956,1832,1832,,,Banks Johnny Blinds,2,,,,"bank,blind",,,,,,DU 8-7154,,Business,window blinds / shades,"Home furnishings, hardware & appliances",high,trade/name keyword,1832,Commercial
1956,1832,1832,,,Banks Venetian Blind Mfrs,2,,,,"bank,blind,mfrs",,,,,,DU 8-7154,,Business,window blinds / shades,"Home furnishings, hardware & appliances",high,trade/name keyword,1832,Commercial
1960,1832,1832,,,Banks Interiors,3,,,,bank,,,,,,DU 8-7154,,Business,window blinds / shades,"Home furnishings, hardware & appliances",high,trade/name keyword,1832,Commercial
1960,1832,1832,,,Banks Johnny Blinds,3,,,,"bank,blind",,,,,,DU 8-7154,,Business,window blinds / shades,"Home furnishings, hardware & appliances",high,trade/name keyword,1832,Commercial
1960,1832,1832,,,Banks Venetian Blind Mfrs,3,,,,"bank,blind,mfrs",,,,,,DU 8-7154,,Business,window blinds / shades,"Home furnishings, hardware & appliances",high,trade/name keyword,1832,Commercial
1964,1832,1832,,,BANKS VENETIAN BLIND,1,,,,"bank,blind",,,,,,DU8-7154,,Business,window blinds / shades,"Home furnishings, hardware & appliances",high,trade/name keyword,1832,Commercial
1965,1832,1832,,,BANKS VENETIAN BLIND,1,,,,"bank,blind",,,,,,388-7154,,Business,window blinds / shades,"Home furnishings, hardware & appliances",high,trade/name keyword,1832,Commercial
1968,1832,1832,,,BANKS VENETIAN BLIND,1,,,,"bank,blind",,,,,,388-7154,,Business,window blinds / shades,"Home furnishings, hardware & appliances",high,trade/name keyword,1832,Commercial
1956,1834,1834,,Apt 11,Hooten Richard W,2,,,,,,,,,,DU 9-9543,,Residential,,,high,listed by unit number,1834,Mixed-use
1956,1834,1834,,,Charm Beauty Shop,2,,,,"beauty,shop",,,,,,DU 5-1174,,Business,beauty salon,Personal services,high,trade/name keyword,1834,Mixed-use
1960,1834,1834,,,Charm Beauty Shop,1,,,,"beauty,shop",,,,,,DU 5-1174,,Business,beauty salon,Personal services,high,trade/name keyword,1834,Commercial
1987,1834,1834,,,SUNSET WEST CAMERA SERVICE,1,Y,,,camera,,,,,,484-2285,,Business,camera store / repair,General & specialty retail,high,trade/name keyword,1834,Commercial
1973,1836,1836,,,Fernandez & Lopez,1,,,Y,,,,,,,484-9395,,Business,unidentified business (name only),Unidentified business,low,partnership name,1836,Commercial
1987,1836,1836,,,DeLaPiedra Nubia,1,N,,,,,,,,,483-5453,,Residential,,,high,1987 sets residents in mixed case,1836,Residential – single-family
1973,1838,1838,,#M,Lincoln Driving School,1,,,,school,,,,,,484-9070,,Business,driving school,Professional & business services,high,trade/name keyword,1838,Commercial
1956,1841,1841,,Apt 104,Freeman T R r,13,,,,,Y,,,,,DU 3-9149,,Residential,,,high,listed by unit number,1841,Residential – multifamily
1956,1841,1841,,Apt 106,Drozd Signe,13,,,,sign,,,,,,DU 2-1649,,Residential,,,high,listed by unit number,1841,Residential – multifamily
1956,1841,1841,,Apt 201,Lively Bobby Gene Sr,13,,Sr,,,,,,,,DU 7-6307,,Residential,,,high,listed by unit number,1841,Residential – multifamily
1956,1841,1841,,Apt 201,Robert Arms Apts,13,,,,,,,,,,DU 2-0216,,Residential,,,high,listed by unit number,1841,Residential – multifamily
1956,1841,1841,,Apt 203,Rhoads Evelyn M r,13,,,,,Y,,,,,DU 4-7261,,Residential,,,high,listed by unit number,1841,Residential – multifamily
1956,1841,1841,,Apt 206,Hensley Lillian M Rev,13,,Rev,,,,,,,,DU 7-8828,,Residential,,,high,listed by unit number,1841,Residential – multifamily
1956,1841,1841,,Apt 208,Moore Mattie Mable r,13,,,,,Y,,,,,DU 9-4693,,Residential,,,high,listed by unit number,1841,Residential – multifamily
1956,1841,1841,,Apt 301,Blaskowsky Lorraine,13,,,,,,,,,,DU 8-7938,,Residential,,,high,listed by unit number,1841,Residential – multifamily
1956,1841,1841,,Apt 401,Dodd Geo T,13,,,,,,,,,,DU 9-4903,,Residential,,,high,listed by unit number,1841,Residential – multifamily
1956,1841,1841,,Apt 403,Birchenough H Mrs r,13,,Mrs,,,Y,,,,,DU 3-5804,,Residential,,,high,listed by unit number,1841,Residential – multifamily
1956,1841,1841,,Apt 405,Bogin Lila,13,,,,,,,,,,DU 8-7691,,Residential,,,high,listed by unit number,1841,Residential – multifamily
1956,1841,1841,,Apt 406,Churm Grace F,13,,,,,,,,,,DU 6-9716,,Residential,,,high,listed by unit number,1841,Residential – multifamily
1956,1841,1841,,Apt 407,Abshere Josefa,13,,,,,,,,,,DU 9-2676,,Residential,,,high,listed by unit number,1841,Residential – multifamily
1960,1841,1841,,Apt 101,Drozd Signe,17,,,,sign,,,,,,DU 2-1649,,Residential,,,high,listed by unit number,1841,Residential – multifamily
1960,1841,1841,,Apt 103,Llewellyn Dolores W,17,,,,,,,,,,DU 2-4982,,Residential,,,high,listed by unit number,1841,Residential – multifamily
1960,1841,1841,,Apt 103,Mercado Patricia,17,,,,,,,,,,DU 2-4982,,Residential,,,high,listed by unit number,1841,Residential – multifamily
1960,1841,1841,,Apt 104,Freeman T R r,17,,,,,Y,,,,,DU 3-9149,,Residential,,,high,listed by unit number,1841,Residential – multifamily
1960,1841,1841,,Apt 107,Schmid Louis H,17,,,,,,,,,,DU 8-5811,,Residential,,,high,listed by unit number,1841,Residential – multifamily
1960,1841,1841,,Apt 201,Lively Bobby Gene Sr,17,,Sr,,,,,,,,DU 7-6307,,Residential,,,high,listed by unit number,1841,Residential – multifamily
1960,1841,1841,,Apt 201,Robert Arms Apts,17,,,,,,,,,,DU 2-0216,,Residential,,,high,listed by unit number,1841,Residential – multifamily
1960,1841,1841,,Apt 204,Chatterton C G,17,,,,,,,,,,DU 5-5756,,Residential,,,high,listed by unit number,1841,Residential – multifamily
1960,1841,1841,,Apt 207,Temple A J Shorty,17,,,,temple,,,,,,DU 3-8781,,Residential,,,high,listed by unit number,1841,Residential – multifamily
1960,1841,1841,,Apt 208,Moore Mattie Mable r,17,,,,,Y,,,,,DU 9-4693,,Residential,,,high,listed by unit number,1841,Residential – multifamily
1960,1841,1841,,Apt 303,Wise Goldie,17,,,,,,,,,,DU 2-2096,,Residential,,,high,listed by unit number,1841,Residential – multifamily
1960,1841,1841,,Apt 304,Handley Annetta,17,,,,,,,,,,DU 4-0162,,Residential,,,high,listed by unit number,1841,Residential – multifamily
1960,1841,1841,,Apt 304,Whiteside Wm G,17,,,,,,,,,,DU 9-3349,,Residential,,,high,listed by unit number,1841,Residential – multifamily
1960,1841,1841,,Apt 403,Birchenough H Mrs r,17,,Mrs,,,Y,,,,,DU 3-5804,,Residential,,,high,listed by unit number,1841,Residential – multifamily
1960,1841,1841,,Apt 405,Patton Martha M,17,,,,,,,,,,DU 8-1533,,Residential,,,high,listed by unit number,1841,Residential – multifamily
1960,1841,1841,,Apt 406,Farnham Olive I,17,,,,,,,,,,DU 9-7896,,Residential,,,high,listed by unit number,1841,Residential – multifamily
1960,1841,1841,,Apt 407,Abshere Josepha,17,,,,,,,,,,DU 8-8520,,Residential,,,high,listed by unit number,1841,Residential – multifamily
1964,1841,1841,,#101,EDWARDS RITA,10,,,,,,,,,,DU5-1043,,Residential,,,high,listed by unit number,1841,Residential – multifamily
1964,1841,1841,,#104,FREEMAN T R,10,,,,,,,,,,DU3-9149,,Residential,,,high,listed by unit number,1841,Residential – multifamily
1964,1841,1841,,#201,ROBERT ARMS APT,10,,,,,,,,,,386-0216,,Residential,,,high,listed by unit number,1841,Residential – multifamily
1964,1841,1841,,#206,BRANT N G,10,,,,,,,,,,DU7-2771,,Residential,,,high,listed by unit number,1841,Residential – multifamily
1964,1841,1841,,#208,MOORE MATTIE M,10,,,,,,,,,,DU9-4693,,Residential,,,high,listed by unit number,1841,Residential – multifamily
1964,1841,1841,,#301,CONNELLY A,10,,,,,,,,,,389-6368,,Residential,,,high,listed by unit number,1841,Residential – multifamily
1964,1841,1841,,#303,LUDDEN B M,10,,,,,,,,,,DU4-3385,,Residential,,,high,listed by unit number,1841,Residential – multifamily
1964,1841,1841,,#403,COQUILLETTE H,10,,,,,,,,,,383-5804,,Residential,,,high,listed by unit number,1841,Residential – multifamily
1964,1841,1841,,#404,FARNHAM OLIVE I,10,,,,,,,,,,384-6766,,Residential,,,high,listed by unit number,1841,Residential – multifamily
1964,1841,1841,,#406,HARTHMAN A F,10,,,,,,,,,,389-7036,,Residential,,,high,listed by unit number,1841,Residential – multifamily
1965,1841,1841,,#101,EDWARDS RITA,17,,,,,,,,,,385-1043,,Residential,,,high,listed by unit number,1841,Residential – multifamily
1965,1841,1841,,#104,FREEMAN T R,17,,,,,,,,,,383-9149,,Residential,,,high,listed by unit number,1841,Residential – multifamily
1965,1841,1841,,#107,TUCKER S B,17,,,,,,,,,,382-9832,,Residential,,,high,listed by unit number,1841,Residential – multifamily
1965,1841,1841,,#108,BEER Z M,17,,,,,,,,,,387-4901,,Residential,,,high,listed by unit number,1841,Residential – multifamily
1965,1841,1841,,#201,ROBERT ARMS APT,17,,,,,,,,,,386-0216,,Residential,,,high,listed by unit number,1841,Residential – multifamily
1965,1841,1841,,#203,DEMMON H L,17,,,,,,,,,,387-9697,,Residential,,,high,listed by unit number,1841,Residential – multifamily
1965,1841,1841,,#206,BRANT N G,17,,,,,,,,,,387-2771,,Residential,,,high,listed by unit number,1841,Residential – multifamily
1965,1841,1841,,#208,MOORE MATTIE M,17,,,,,,,,,,389-4693,,Residential,,,high,listed by unit number,1841,Residential – multifamily
1965,1841,1841,,#301,CONNELLY A,17,,,,,,,,,,389-6368,,Residential,,,high,listed by unit number,1841,Residential – multifamily
1965,1841,1841,,#303,CHAVANNAZ T,17,,,,,,,,,,384-3743,,Residential,,,high,listed by unit number,1841,Residential – multifamily
1965,1841,1841,,#304,WOLFE R L,17,,,,,,,,,,384-1720,,Residential,,,high,listed by unit number,1841,Residential – multifamily
1965,1841,1841,,#308,AALAND M,17,,,,,,,,,,382-3202,,Residential,,,high,listed by unit number,1841,Residential – multifamily
1965,1841,1841,,#403,COQUILLETTE H,17,,,,,,,,,,383-5804,,Residential,,,high,listed by unit number,1841,Residential – multifamily
1965,1841,1841,,#404,FARNHAM OLIVE I,17,,,,,,,,,,384-6766,,Residential,,,high,listed by unit number,1841,Residential – multifamily
1965,1841,1841,,#406,HARTHMAN A F,17,,,,,,,,,,389-7036,,Residential,,,high,listed by unit number,1841,Residential – multifamily
1965,1841,1841,,#407,PREZEL R R,17,,,,,,,,,,382-6425,,Residential,,,high,listed by unit number,1841,Residential – multifamily
1965,1841,1841,,#408,WILLIAMS G,17,,,,,,,,,,388-4411,,Residential,,,high,listed by unit number,1841,Residential – multifamily
1968,1841,1841,,#101,EDWARDS RITA,13,,,,,,,,,,385-1043,,Residential,,,high,listed by unit number,1841,Residential – multifamily
1968,1841,1841,,#104,FREEMAN T R,13,,,,,,,,,,383-9149,,Residential,,,high,listed by unit number,1841,Residential – multifamily
1968,1841,1841,,#105,CULMAN L M,13,,,,,,,,,,382-3820,,Residential,,,high,listed by unit number,1841,Residential – multifamily
1968,1841,1841,,#201,ROBERT ARMS APT,13,,,,,,,,,,386-0216,,Residential,,,high,listed by unit number,1841,Residential – multifamily
1968,1841,1841,,#206,MEEK R,13,,,,,,,,,,382-9960,,Residential,,,high,listed by unit number,1841,Residential – multifamily
1968,1841,1841,,#208,MOORE MATTIE M,13,,,,,,,,,,389-4693,,Residential,,,high,listed by unit number,1841,Residential – multifamily
1968,1841,1841,,#301,CONNELLY A,13,,,,,,,,,,389-6368,,Residential,,,high,listed by unit number,1841,Residential – multifamily
1968,1841,1841,,#303,JENNINGS M E,13,,,,,,,,,,389-7181,,Residential,,,high,listed by unit number,1841,Residential – multifamily
1968,1841,1841,,#305,PAYNE M M,13,,,,,,,,,,389-1910,,Residential,,,high,listed by unit number,1841,Residential – multifamily
1968,1841,1841,,#306,WILLIAMS G,13,,,,,,,,,,388-4411,,Residential,,,high,listed by unit number,1841,Residential – multifamily
1968,1841,1841,,#308,AALAND M,13,,,,,,,,,,382-3202,,Residential,,,high,listed by unit number,1841,Residential – multifamily
1968,1841,1841,,#403,HAACK A,13,,,,,,,,,,384-7018,,Residential,,,high,listed by unit number,1841,Residential – multifamily
1968,1841,1841,,#406,GRIMES V G,13,,,,,,,,,,387-5539,,Residential,,,high,listed by unit number,1841,Residential – multifamily
1973,1841,1841,,#102,Gonzales Bernarda,9,,,,,,,,,,382-4929,,Residential,,,high,listed by unit number,1841,Residential – multifamily
1973,1841,1841,,#201,Draling Frank M,9,,,,,,,,,,382-6485,,Residential,,,high,listed by unit number,1841,Residential – multifamily
1973,1841,1841,,#208,Moore Mattie Mable,9,,,,,,,,,,389-4693,,Residential,,,high,listed by unit number,1841,Residential – multifamily
1973,1841,1841,,#301,Connelly Aleen,9,,,,,,,,,,389-6368,,Residential,,,high,listed by unit number,1841,Residential – multifamily
1973,1841,1841,,#302,Denton Ellery N,9,,,,,,,,,,382-5608,,Residential,,,high,listed by unit number,1841,Residential – multifamily
1973,1841,1841,,#308,Brant N G,9,,,,,,,,,,384-3421,,Residential,,,high,listed by unit number,1841,Residential – multifamily
1973,1841,1841,,#403,Haack Alma,9,,,,,,,,,,384-7018,,Residential,,,high,listed by unit number,1841,Residential – multifamily
1973,1841,1841,,#405,Reed Howard S,9,,,,,,,,,,383-4569,,Residential,,,high,listed by unit number,1841,Residential – multifamily
1973,1841,1841,,#407,Mendoza Clara,9,,,,,,,,,,382-8832,,Residential,,,high,listed by unit number,1841,Residential – multifamily
1987,1841,1841,,#1,Delses Julio R,6,N,,,,,,,,,483-0602,,Residential,,,high,listed by unit number,1841,Residential – multifamily
1987,1841,1841,,#104,Castillo Sara,6,N,,,,,,,,,484-9476,,Residential,,,high,listed by unit number,1841,Residential – multifamily
1987,1841,1841,,#302,Cabrera Ana Maricela,6,N,,,,,,,,,413-0235,,Residential,,,high,listed by unit number,1841,Residential – multifamily
1987,1841,1841,,#401,Carrillo Enrique,6,N,,,,,,,,,483-1270,,Residential,,,high,listed by unit number,1841,Residential – multifamily
1987,1841,1841,,#403,Estrada Victor,6,N,,,,,,,,,483-4309,,Residential,,,high,listed by unit number,1841,Residential – multifamily
1987,1841,1841,,#406,Moo Loydy,6,N,,,,,,,,,484-0190,,Residential,,,high,listed by unit number,1841,Residential – multifamily
1964,1847,1847,,,[APARTMENT – no units listed],1,,,,,,,,Y,,,,Apartment building,,,high,APARTMENT heading,1847,Residential – multifamily
1965,1847,1847,,,[APARTMENT – no units listed],1,,,,,,,,Y,,,,Apartment building,,,high,APARTMENT heading,1847,Residential – multifamily
1956,1900,1900,,,Herb's Bike & Key Shop,1,,,Y,shop,,,,,,DU 3-2277,,Business,key shop / locksmith,Personal services,high,trade/name keyword,1900,Commercial
1960,1900,1900,,,Herb's Bike & Key Shop,1,,,Y,shop,,,,,,DU 3-2277,,Business,key shop / locksmith,Personal services,high,trade/name keyword,1900,Commercial
1968,1900,1900,,,CALIF FEDERAL SAVNGS,2,,,,savngs,,,,,,382-2381,,Business,bank / savings & loan branch,"Finance, insurance & real estate",high,trade/name keyword,1900,Commercial
1968,1900,1900,,,PACIFIC PARKING CORP,2,,,Y,parking,,,,,,382-0011,,Business,parking operator,Professional & business services,high,trade/name keyword,1900,Commercial
1973,1900,1900,,,National Cystic Fibrosis Research Foundation,4,,,Y,,,,,,,483-3034,,Institutional,nonprofit / charitable organization,Institutional & civic,high,trade/name keyword,1900,Commercial
1973,1900,1900,,,California Federal Savings & Loan Association,4,,,Y,"loan,savings",,,,,,484-8030,,Business,bank / savings & loan branch,"Finance, insurance & real estate",high,trade/name keyword,1900,Commercial
1973,1900,1900,,#375,Inner City Housing Corp,4,,,Y,,,,,,,483-4377,,Institutional,nonprofit housing organization,Institutional & civic,high,trade/name keyword,1900,Commercial
1973,1900,1900,,#405,Pacific Parking Corporation,4,,,Y,parking,,,,,,484-0671,,Business,parking operator,Professional & business services,high,trade/name keyword,1900,Commercial
1987,1900,1900,,,EXECUTIVE PARKING SERVICE,1,Y,,,parking,,,,,,484-0671,,Business,parking operator,Professional & business services,high,trade/name keyword,1900,Commercial
1956,1901,1901,,,McMahon's Serv,1,,,Y,,,,,,,DU 2-9614,,Business,service station (likely),Auto sales & service,low,'Serv' is the directory's usual word for service stations,1901,Commercial
1960,1901,1901,,,McMahon's Serv,1,,,Y,,,,,,,DU 2-9614,,Business,service station (likely),Auto sales & service,low,'Serv' is the directory's usual word for service stations,1901,Commercial
1964,1901,1901,,,LA CIENEGA FLORIST,1,,,,florist,,,,,,386-0664,,Business,gift / florist / toy shop,General & specialty retail,high,trade/name keyword,1901,Commercial
1965,1901,1901,,,STANS PRODUCE,1,,,,produce,,,,,,386-0312,,Business,deli / specialty food,Food stores,high,trade/name keyword,1901,Commercial
1968,1901,1901,,,DEACON JONES-RESTRNT,1,,,,restrnt,,,,,,386-2184,,Business,restaurant / cafe,Restaurants & bars,high,trade/name keyword,1901,Commercial
1973,1901,1901,,,Maya Restaurants,1,,,,restaurant,,,,,,483-9356,,Business,restaurant / cafe,Restaurants & bars,high,trade/name keyword,1901,Commercial
1987,1901,1901,,,LA ADELITA -SUNSET,2,Y,,,,,,,,,413-9356,,Business,unidentified business (name only),Unidentified business,low,name only; branch-style name,1901,Commercial
1987,1901,1901,,,LA ADELITA-SUNSET,2,Y,,,,,,,,,483-4169,,Business,unidentified business (name only),Unidentified business,low,name only; branch-style name,1901,Commercial
1968,1910,1910,,#460,ANSON-GLEAVES-ATTYS,5,,atty,,attys,,,,,,385-3554,,Business,attorney's office,Professional & business services,high,trade/name keyword,1910,Commercial
1968,1910,1910,,#470,HITCHCOCK PUBLISHING,5,,,,publish,,,,,,388-5131,,Business,newspaper / publisher,"Media, printing & entertainment",high,trade/name keyword,1910,Commercial
1968,1910,1910,,#800,CASS-JOHANSING,5,,,,,,,,,,382-1979,,Business,insurance agency,"Finance, insurance & real estate",high,listed with CASS-JOHANSING-INS,1910,Commercial
1968,1910,1910,,#800,CASS-JOHANSING-INS,5,,,,ins,,,,,,381-7181,,Business,insurance agency,"Finance, insurance & real estate",high,trade/name keyword,1910,Commercial
1968,1910,1910,,,MUNICIPAL LIEN SERV,5,,,,,,,,,,387-8388,,Business,real estate / property,"Finance, insurance & real estate",high,trade/name keyword,1910,Commercial
1973,1910,1910,,,S C S Associates,14,,,Y,,,,,,,483-1354,,Business,unidentified office (shares phone with Planned Equity Corp),Unidentified business,low,office building tenant,1910,Commercial
1973,1910,1910,,,Studio Watts Endowment Fund,14,,,Y,studio,,,,,,484-0860,,Institutional,nonprofit / charitable organization,Institutional & civic,high,trade/name keyword,1910,Commercial
1973,1910,1910,,,Shabkie Semon J,14,,,,,,,,,,484-1870,,Business,office tenant (trade not stated),Unidentified business,low,name listed in an office building,1910,Commercial
1973,1910,1910,,,Municipal Lien Service,14,,,,,,,,,,484-8355,,Business,real estate / property,"Finance, insurance & real estate",high,trade/name keyword,1910,Commercial
1973,1910,1910,,,Nurses Professional Registry Agency,14,,,Y,,,,,,,484-8800,,Business,nurse staffing registry,Health & medical,high,trade/name keyword,1910,Commercial
1973,1910,1910,,,Kaiser Permanente Medical Care Program,14,,,,medical,,,,,,484-9870,,Business,medical clinic,Health & medical,high,trade/name keyword,1910,Commercial
1973,1910,1910,,#350,Planned Equity Corp,14,,,Y,,,,,,,483-1354,,Business,real estate / property,"Finance, insurance & real estate",high,trade/name keyword,1910,Commercial
1973,1910,1910,,#420,Young And Associates Inc,14,,,Y,,,,,,,484-1243,,Business,unidentified business (name only),Unidentified business,low,company name in office suite,1910,Commercial
1973,1910,1910,,#460,Friedman Irwin M,14,,,,,,,,,,484-8562,,Business,office tenant (trade not stated),Unidentified business,low,name in an office-building suite,1910,Commercial
1973,1910,1910,,#470,Synergy Advertising Inc,14,,,Y,advertising,,,,,,484-0150,,Business,advertising agency,Professional & business services,high,trade/name keyword,1910,Commercial
1973,1910,1910,,#474,United Telegraph Workers AFL-CIO,14,,,,,,,,,,484-9490,,Institutional,labor union office,Institutional & civic,high,trade/name keyword,1910,Commercial
1973,1910,1910,,#475,Hitchcock Publishing Co,14,,,Y,publish,,,,,,484-8444,,Business,newspaper / publisher,"Media, printing & entertainment",high,trade/name keyword,1910,Commercial
1973,1910,1910,,#800,Cass & Johansing,14,,,Y,,,,,,,484-8171,,Business,insurance agency,"Finance, insurance & real estate",medium,"1968 'CASS-JOHANSING-INS', same suite",1910,Commercial
1973,1910,1910,,#840,Los Angeles Hebrew Mission,14,,,,mission,,,,,,484-8470,,Institutional,religious mission,Institutional & civic,high,trade/name keyword,1910,Commercial
1987,1910,1910,,,ANGELUS TEMPLE,20,Y,,,temple,,,,,,484-1100,,Institutional,church office (Angelus Temple),Institutional & civic,high,trade/name keyword,1910,Commercial
1987,1910,1910,,,FISCAL EMPLOYEES FEDERAL CREDIT UNION,20,Y,,Y,credit,,,,,,484-8330,,Business,credit union,"Finance, insurance & real estate",high,trade/name keyword,1910,Commercial
1987,1910,1910,,#100,WINSTON SCHAEFER REALTY CO,20,Y,,Y,realty,,,,,,483-4490,,Business,real estate / property,"Finance, insurance & real estate",high,trade/name keyword,1910,Commercial
1987,1910,1910,,#220,PARK SUNSET BUILDING,20,Y,,,,,,,,,484-8880,,Business,office building management,"Finance, insurance & real estate",medium,building office in suite,1910,Commercial
1987,1910,1910,,#327,SHAMBALLA GLOBAL CORP,20,Y,,Y,,,,,,,413-8767,,Business,unidentified business (name only),Unidentified business,low,company name in office suite,1910,Commercial
1987,1910,1910,,#430,L A COUNTY PROFESSIONAL PEACE OFFICERS,20,Y,,,,,,,,,483-7762,,Institutional,professional / employee association,Institutional & civic,high,trade/name keyword,1910,Commercial
1987,1910,1910,,#450,HING ALBERT L AGENCY,20,Y,,Y,,,,,,,483-9976,,Business,agency (likely insurance),"Finance, insurance & real estate",low,'agency' in office suite,1910,Commercial
1987,1910,1910,,#460,LEW & WANG,20,Y,,Y,,,,,,,483-8561,,Business,unidentified business (name only),Unidentified business,low,partnership name in office suite,1910,Commercial
1987,1910,1910,,#465,YOUNG AND ASSOCIATES INC,20,Y,,Y,,,,,,,484-1243,,Business,unidentified business (name only),Unidentified business,low,company name in office suite,1910,Commercial
1987,1910,1910,,#610,WORLD BOOK INC DIVISION OFFICE,20,Y,,Y,,,,,,,483-6608,,Business,encyclopedia sales office,Professional & business services,high,trade/name keyword,1910,Commercial
1987,1910,1910,,#630,WEXLER JANICE VOCATIONAL TESTING SERVICES,20,Y,,,,,,,,,483-1154,,Business,vocational testing service,Professional & business services,high,trade/name keyword,1910,Commercial
1987,1910,1910,,#650,JWCH INSTITUTE INC,20,Y,,Y,,,,,,,484-1186,,Institutional,nonprofit health institute,Institutional & civic,low,"'Institute'; JWCH as a nonprofit is general knowledge, not verified",1910,Commercial
1987,1910,1910,,#800,CASS & JOHANSING,20,Y,,Y,,,,,,,484-8171,,Business,insurance agency,"Finance, insurance & real estate",medium,"1968 'CASS-JOHANSING-INS', same suite",1910,Commercial
1987,1910,1910,,#825,CALIF ASSN OF PROFESSIONAL EMPLOYEES,20,Y,,Y,,,,,,,484-0400,,Institutional,professional / employee association,Institutional & civic,high,trade/name keyword,1910,Commercial
1987,1910,1910,,#830,MOUNTAIN STREAM PROPERTY DEVELOPMENT,20,Y,,,propert,,,,,,413-1000,,Business,real estate / property,"Finance, insurance & real estate",high,trade/name keyword,1910,Commercial
1987,1910,1910,,#830,UNIVERSAL CONSTRUCTION,20,Y,,,,,,,,,483-3002,,Business,construction contractor,"Light industrial, trades & wholesale",high,trade/name keyword,1910,Commercial
1987,1910,1910,,#840,M V C ASSOCIATES,20,Y,,Y,,,,,,,413-1063,,Business,unidentified business (name only),Unidentified business,low,company name in office suite,1910,Commercial
1987,1910,1910,,#850,LOS ANGELES COUNTY PROFESSIONAL PEACE,20,Y,,,,,,,,,413-3650,,Institutional,professional / employee association,Institutional & civic,medium,truncated '...PEACE OFFICERS'; same name as suite 430,1910,Commercial
1987,1910,1910,,#850,SENTANCE DAVID CLU CHFC,20,Y,,,,,,,,,483-1693,,Business,insurance agency,"Finance, insurance & real estate",high,trade/name keyword,1910,Commercial
1987,1910,1910,,#900,HELITAC AVIATION INC,20,Y,,Y,,,,,,,483-6898,,Business,aviation company office,Professional & business services,high,trade/name keyword,1910,Commercial
1927,1911,1911,,,Power J D,1,,,,,,,,,,DU 3152,,Residential,,,medium,bare name; this directory adds a trade for businesses,1911,Residential – single-family
1956,1911,1911,,,Botwin's Cafe & Sierra Room,2,,,Y,cafe,,,,,,DU 9-1265,,Business,restaurant & cocktail lounge,Restaurants & bars,high,trade/name keyword,1911,Commercial
1956,1911,1911,,,Sierra Room & Cafe Botwin's,2,,,Y,cafe,,,,,,DU 9-1265,,Business,restaurant & cocktail lounge,Restaurants & bars,high,trade/name keyword,1911,Commercial
1960,1911,1911,,,Botwin's Cafe & Sierra Room,2,,,Y,cafe,,,,,,DU 9-1265,,Business,restaurant & cocktail lounge,Restaurants & bars,high,trade/name keyword,1911,Commercial
1960,1911,1911,,,Sierra Room & Cafe Botwin's,2,,,Y,cafe,,,,,,DU 9-1265,,Business,restaurant & cocktail lounge,Restaurants & bars,high,trade/name keyword,1911,Commercial
1964,1911,1911,,,LES FRERES T RSTRNT,1,,,,rstrnt,,,,,,DU9-1265,,Business,restaurant / cafe,Restaurants & bars,high,trade/name keyword,1911,Commercial
1965,1911,1911,,,LES FRERES T RSTRNT,1,,,,rstrnt,,,,,,389-1265,,Business,restaurant / cafe,Restaurants & bars,high,trade/name keyword,1911,Commercial
1968,1911,1911,,,LES FRERES T RSTRNT,1,,,,rstrnt,,,,,,389-1265,,Business,restaurant / cafe,Restaurants & bars,high,trade/name keyword,1911,Commercial
1973,1911,1911,,,Les Freres Taix French Restaurant,1,,,,restaurant,,,,,,484-1265,,Business,restaurant / cafe,Restaurants & bars,high,trade/name keyword,1911,Commercial
1987,1911,1911,,,LES FRERES TAIX FRENCH RESTAURANT,1,Y,,,restaurant,,,,,,484-1265,,Business,restaurant / cafe,Restaurants & bars,high,trade/name keyword,1911,Commercial
1968,1912,1912,,,SILVERLAKE NATL BANK,1,,,,bank,,,,,,386-2266,,Business,bank / savings & loan branch,"Finance, insurance & real estate",high,trade/name keyword,1912,Commercial
1973,1912,1912,,,Hongkong Bank Of California,1,,,,bank,,,,,,484-1810,,Business,bank / savings & loan branch,"Finance, insurance & real estate",high,trade/name keyword,1912,Commercial
1956,1918,1918,,,Brite Spot Cafe,1,,,,cafe,,,,,,DU 9-2063,,Business,restaurant / cafe,Restaurants & bars,high,trade/name keyword,1918,Commercial
1960,1918,1918,,,Brite Spot Cafe,1,,,,cafe,,,,,,DU 9-2063,,Business,restaurant / cafe,Restaurants & bars,high,trade/name keyword,1918,Commercial
1964,1918,1918,,,BRITE SPOT CAFE,1,,,,cafe,,,,,,DU9-2063,,Business,restaurant / cafe,Restaurants & bars,high,trade/name keyword,1918,Commercial
1965,1918,1918,,,BRITE SPOT CAFE,1,,,,cafe,,,,,,389-2063,,Business,restaurant / cafe,Restaurants & bars,high,trade/name keyword,1918,Commercial
1968,1918,1918,,,BRITE SPOT CAFE,1,,,,cafe,,,,,,389-2063,,Business,restaurant / cafe,Restaurants & bars,high,trade/name keyword,1918,Commercial
1973,1918,1918,,,Brite Spot Cafe,1,,,,cafe,,,,,,484-9800,,Business,restaurant / cafe,Restaurants & bars,high,trade/name keyword,1918,Commercial
1987,1918,1918,,,BRITE SPOT FAMILY RESTAURANTS,1,Y,,,restaurant,,,,,,484-9800,,Business,restaurant / cafe,Restaurants & bars,high,trade/name keyword,1918,Commercial
1906,1920,1920,,,Vacant,1,,,,,,,Y,,,,,Vacant,,,high,printed 'Vacant',1920,Vacant
1956,1920,1920,,,Mac's Auto Repair,1,,,Y,auto,,,,,,DU 4-6428,,Business,auto repair,Auto sales & service,high,trade/name keyword,1920,Commercial
1960,1920,1920,,,Drive-In-Body & Fender Works,2,,,Y,,,,,,,DU 4-6428,,Business,auto body repair,Auto sales & service,high,trade/name keyword,1920,Commercial
1960,1920,1920,,,Herron's Top Shop,2,,,Y,shop,,,,,,DU 7-3715,,Business,auto repair,Auto sales & service,high,trade/name keyword,1920,Commercial
1906,1921,1921,,,Roberts O E,1,,,,,,,,,,,,Residential,,,medium,bare name; this directory adds a trade for businesses,1921,Residential – single-family
1927,1925,1925,,,Reliable Quality Mkt,1,,,,mkt,,,,,,DR 2161,,Business,grocery / market,Food stores,high,trade/name keyword,1925,Commercial
1956,1925,1925,,,Morrie's Liquors,1,,,Y,liquor,,,,,,DU 2-1744,,Business,liquor store,Food stores,high,trade/name keyword,1925,Commercial
1960,1925,1925,,,Morrie's Liquors,1,,,Y,liquor,,,,,,DU 2-1744,,Business,liquor store,Food stores,high,trade/name keyword,1925,Commercial
1964,1925,1925,,,ECHO LIQUOR STORE,1,,,,"liquor,store",,,,,,DU2-1744,,Business,liquor store,Food stores,high,trade/name keyword,1925,Commercial
1965,1925,1925,,,ECHO LIQUOR STORE,1,,,,"liquor,store",,,,,,382-1744,,Business,liquor store,Food stores,high,trade/name keyword,1925,Commercial
1968,1925,1925,,,TAIX VINS ET LIQUEUR,1,,,,,,,,,,382-1744,,Business,liquor store,Food stores,high,trade/name keyword,1925,Commercial
1973,1925,1925,,,Taix Vin & Liqueur,1,,,Y,,,,,,,484-1611,,Business,liquor store,Food stores,high,trade/name keyword,1925,Commercial
1956,1927,1927,,,Matlin Stationers,1,,,,,,,,,,DU 9-6130,,Business,book / stationery store,General & specialty retail,high,trade/name keyword,1927,Commercial
1960,1927,1927,,,Parsons' Stationers,1,,,,,,,,,,DU 9-6130,,Business,book / stationery store,General & specialty retail,high,trade/name keyword,1927,Commercial
1964,1927,1927,,,PARSONS STATIONERS,1,,,,,,,,,,DU9-6130,,Business,book / stationery store,General & specialty retail,high,trade/name keyword,1927,Commercial
1965,1927,1927,,,PARSONS STATIONERS,1,,,,,,,,,,389-6130,,Business,book / stationery store,General & specialty retail,high,trade/name keyword,1927,Commercial
1968,1927,1927,,,PARSONS STATIONERS,1,,,,,,,,,,389-6130,,Business,book / stationery store,General & specialty retail,high,trade/name keyword,1927,Commercial
1956,1929,1929,,,Mike's Cafe,1,,,Y,cafe,,,,,,DU 2-9053,,Business,restaurant / cafe,Restaurants & bars,high,trade/name keyword,1929,Commercial
1960,1929,1929,,,Mike's Cafe,1,,,Y,cafe,,,,,,DU 2-9053,,Business,restaurant / cafe,Restaurants & bars,high,trade/name keyword,1929,Commercial
1964,1929,1929,,,SUNSET CAFE,1,,,,cafe,,,,,,386-0159,,Business,restaurant / cafe,Restaurants & bars,high,trade/name keyword,1929,Commercial
1965,1929,1929,,,SUNSET CAFE,1,,,,cafe,,,,,,386-0159,,Business,restaurant / cafe,Restaurants & bars,high,trade/name keyword,1929,Commercial
1956,1931,1931,,,Park Furn Co,2,,,Y,furn,,,,,,DU 8-0673,,Business,furniture store,"Home furnishings, hardware & appliances",high,trade/name keyword,1931,Commercial
1956,1931,1931,,,Park's Furn Co,2,,,Y,furn,,,,,,DU 8-0673,,Business,furniture store,"Home furnishings, hardware & appliances",high,trade/name keyword,1931,Commercial
1960,1931,1931,,,Park Furn Co,1,,,Y,furn,,,,,,DU 8-0673,,Business,furniture store,"Home furnishings, hardware & appliances",high,trade/name keyword,1931,Commercial
1964,1931,1931,,,ARBITER STANLEY MD,5,,MD,,,,,,,,DU3-2131,,Business,physician's office,Health & medical,high,trade/name keyword,1931,Commercial
1964,1931,1931,,,PARK SUNSET PHARMACY,5,,,,pharm,,,,,,DU8-4046,,Business,pharmacy / drugstore,Health & medical,high,trade/name keyword,1931,Commercial
1964,1931,1931,,,PARK SUNSET PHARMACY,5,,,,pharm,,,,,,386-9201,,Business,pharmacy / drugstore,Health & medical,high,trade/name keyword,1931,Commercial
1964,1931,1931,,,WILTERN MEDICAL LAB,5,,,,medical,,,,,,DU3-2251,,Business,medical laboratory,Health & medical,high,trade/name keyword,1931,Commercial
1964,1931,1931,,,ZIFF SHELDON M ATTY,5,,atty,,atty,,,,,,DU7-8181,,Business,attorney's office,Professional & business services,high,trade/name keyword,1931,Commercial
1965,1931,1931,,,ARBITER STANLEY MD,4,,MD,,,,,,,,383-2131,,Business,physician's office,Health & medical,high,trade/name keyword,1931,Commercial
1965,1931,1931,,,DICKEY D R-OPTMRST,4,,,,optm,,,,,,386-2691,,Business,optometrist's office,Health & medical,high,trade/name keyword,1931,Commercial
1965,1931,1931,,,PARK SUNSET PHARMACY,4,,,,pharm,,,,,,388-4046,,Business,pharmacy / drugstore,Health & medical,high,trade/name keyword,1931,Commercial
1965,1931,1931,,,WILTERN MEDICAL LAB,4,,,,medical,,,,,,383-2251,,Business,medical laboratory,Health & medical,high,trade/name keyword,1931,Commercial
1968,1931,1931,,,ARBITER STANLEY MD,3,,MD,,,,,,,,383-2131,,Business,physician's office,Health & medical,high,trade/name keyword,1931,Commercial
1968,1931,1931,,,PARK SUNSET PHARMACY,3,,,,pharm,,,,,,388-1366,,Business,pharmacy / drugstore,Health & medical,high,trade/name keyword,1931,Commercial
1968,1931,1931,,,WILTERN MEDICAL LAB,3,,,,medical,,,,,,383-2251,,Business,medical laboratory,Health & medical,high,trade/name keyword,1931,Commercial
1973,1931,1931,,,Arbiter S MD & Beller L MD & Cowan H,3,,MD,Y,,,,,,,484-0101,,Business,physician's office,Health & medical,high,trade/name keyword,1931,Commercial
1973,1931,1931,,,Park Sunset Pharmacy,3,,,,pharm,,,,,,484-0800,,Business,pharmacy / drugstore,Health & medical,high,trade/name keyword,1931,Commercial
1973,1931,1931,,,Arbiter Stanley I MD,3,,MD,,,,,,,,484-1212,,Business,physician's office,Health & medical,high,trade/name keyword,1931,Commercial
1987,1931,1931,,,PARK SUNSET PHARMACY,2,Y,,,pharm,,,,,,484-0800,,Business,pharmacy / drugstore,Health & medical,high,trade/name keyword,1931,Commercial
1987,1931,1931,,,ARBITER STANLEY I MD,2,Y,MD,,,,,,,,484-1212,,Business,physician's office,Health & medical,high,trade/name keyword,1931,Commercial
1906,1945,1945,,,Rannells Land Co (branch),1,,,Y,,,,,,,,,Business,real estate / property,"Finance, insurance & real estate",high,trade/name keyword,1945,Commercial
1956,1950,1950,,,Baumen G G Baumen G Gailliard atty,2,,atty,,atty,,,,,,DU 7-5251,,Business,attorney's office,Professional & business services,high,trade/name keyword,1950,Commercial
1956,1950,1950,,,Baumen G Gailliard atty,2,,atty,,atty,,,,,,DU 7-5251,,Business,attorney's office,Professional & business services,high,trade/name keyword,1950,Commercial
1960,1950,1950,,,Baumen G G atty,3,,atty,,atty,,,,,,DU 7-5251,,Business,attorney's office,Professional & business services,high,trade/name keyword,1950,Commercial
1960,1950,1950,,,Holzhauer Robt atty,3,,atty,,atty,,,,,,DU 2-8744,,Business,attorney's office,Professional & business services,high,trade/name keyword,1950,Commercial
1960,1950,1950,,,Wheeling Wm T CPA,3,,CPA,,cpa,,,,,,DU 3-8427,,Business,accountant,Professional & business services,high,trade/name keyword,1950,Commercial
1964,1950,1950,,,BAUMEN G G,2,,,,,,,,,,DU7-5251,,Business,attorney's office,Professional & business services,high,"1956-60 'Baumen G G atty', same address",1950,Commercial
1964,1950,1950,,,GUYON F R-ATTY,2,,atty,,atty,,,,,,387-4881,,Business,attorney's office,Professional & business services,high,trade/name keyword,1950,Commercial
1965,1950,1950,,,BAUMEN G G,2,,,,,,,,,,387-5251,,Business,attorney's office,Professional & business services,high,"1956-60 'Baumen G G atty', same address",1950,Commercial
1965,1950,1950,,,GUYON F R-ATTY,2,,atty,,atty,,,,,,387-4881,,Business,attorney's office,Professional & business services,high,trade/name keyword,1950,Commercial
1968,1950,1950,,,BAUMEN G G,1,,,,,,,,,,387-5251,,Business,attorney's office,Professional & business services,high,"1956-60 'Baumen G G atty', same address",1950,Commercial
1973,1950,1950,,,Baumen G G,1,,,,,,,,,,484-9161,,Business,attorney's office,Professional & business services,high,"1956-60 'Baumen G G atty', same address",1950,Commercial
1987,1950,1950,,,BAUMEN G G,1,Y,,,,,,,,,484-9161,,Business,attorney's office,Professional & business services,high,"1956-60 'Baumen G G atty', same address",1950,Commercial
1927,2002,2002,,,Bon-Air Apts,13,,,,,,,,,,DR 6850,,Apartment building,,,high,building name or APARTMENT heading,2002,Residential – multifamily
1927,2002,2002,,#104,[unit phone only],13,,,,,,,,,Y,DR 6846,,Residential,,,medium,unit phone listed without a name,2002,Residential – multifamily
1927,2002,2002,,#105,[unit phone only],13,,,,,,,,,Y,DR 6847,,Residential,,,medium,unit phone listed without a name,2002,Residential – multifamily
1927,2002,2002,,#106,[unit phone only],13,,,,,,,,,Y,DR 6848,,Residential,,,medium,unit phone listed without a name,2002,Residential – multifamily
1927,2002,2002,,#107,[unit phone only],13,,,,,,,,,Y,DR 6849,,Residential,,,medium,unit phone listed without a name,2002,Residential – multifamily
1927,2002,2002,,#200,[unit phone only],13,,,,,,,,,Y,DR 6854,,Residential,,,medium,unit phone listed without a name,2002,Residential – multifamily
1927,2002,2002,,#202,[unit phone only],13,,,,,,,,,Y,DR 6856,,Residential,,,medium,unit phone listed without a name,2002,Residential – multifamily
1927,2002,2002,,#206,[unit phone only],13,,,,,,,,,Y,DR 6860,,Residential,,,medium,unit phone listed without a name,2002,Residential – multifamily
1927,2002,2002,,#210,[unit phone only],13,,,,,,,,,Y,DR 6864,,Residential,,,medium,unit phone listed without a name,2002,Residential – multifamily
1927,2002,2002,,#300,[unit phone only],13,,,,,,,,,Y,DR 6866,,Residential,,,medium,unit phone listed without a name,2002,Residential – multifamily
1927,2002,2002,,#304,[unit phone only],13,,,,,,,,,Y,DR 6870,,Residential,,,medium,unit phone listed without a name,2002,Residential – multifamily
1927,2002,2002,,#307,[unit phone only],13,,,,,,,,,Y,DR 5080,,Residential,,,medium,unit phone listed without a name,2002,Residential – multifamily
1927,2002,2002,,,Cleary Edw Mrs,13,,Mrs,,,,,,,,DU 6524,,Residential,,,medium,bare name; this directory adds a trade for businesses,2002,Residential – multifamily
1956,2002,2002,,,(Bon Air Apts) ofc,10,,,,,,Y,,,,DU 7-0976,,Apartment building,,,high,building name or APARTMENT heading,2002,Residential – multifamily
1956,2002,2002,,Apt 103,Thompson Nell Ellen,10,,,,,,,,,,DU 4-8651,,Residential,,,high,listed by unit number,2002,Residential – multifamily
1956,2002,2002,,Apt 104,Martyne Elissa M,10,,,,,,,,,,DU 4-7053,,Residential,,,high,listed by unit number,2002,Residential – multifamily
1956,2002,2002,,Apt 106,Phillips E E Mrs r,10,,Mrs,,,Y,,,,,DU 9-0549,,Residential,,,high,listed by unit number,2002,Residential – multifamily
1956,2002,2002,,Apt 110,Terry Belle G Mrs,10,,Mrs,,,,,,,,DU 2-2687,,Residential,,,high,listed by unit number,2002,Residential – multifamily
1956,2002,2002,,Apt 201,Page Wm E,10,,,,,,,,,,DU 5-4817,,Residential,,,high,listed by unit number,2002,Residential – multifamily
1956,2002,2002,,Apt 205,Baird Charlotte,10,,,,,,,,,,DU 8-7733,,Residential,,,high,listed by unit number,2002,Residential – multifamily
1956,2002,2002,,Apt 206,Carter Nellie M r,10,,,,,Y,,,,,DU 4-0935,,Residential,,,high,listed by unit number,2002,Residential – multifamily
1956,2002,2002,,Apt 212,Conover G P r,10,,,,,Y,,,,,DU 8-4528,,Residential,,,high,listed by unit number,2002,Residential – multifamily
1956,2002,2002,,Apt 305,Edwards Rita r,10,,,,,Y,,,,,DU 9-0832,,Residential,,,high,listed by unit number,2002,Residential – multifamily
1960,2002,2002,,,(Bon Air Apts) ofc,10,,,,,,Y,,,,DU 7-0976,,Apartment building,,,high,building name or APARTMENT heading,2002,Residential – multifamily
1960,2002,2002,,Apt 102,Davis Jas W,10,,,,,,,,,,DU 4-0770,,Residential,,,high,listed by unit number,2002,Residential – multifamily
1960,2002,2002,,Apt 107,Edwards Rita,10,,,,,,,,,,DU 9-0832,,Residential,,,high,listed by unit number,2002,Residential – multifamily
1960,2002,2002,,Apt 112,Dale Arabelle Mrs,10,,Mrs,,,,,,,,DU 8-2054,,Residential,,,high,listed by unit number,2002,Residential – multifamily
1960,2002,2002,,Apt 202,Morrow Edna E Mrs,10,,Mrs,,,,,,,,DU 9-8683,,Residential,,,high,listed by unit number,2002,Residential – multifamily
1960,2002,2002,,Apt 204,Wolfe Lloyd,10,,,,,,,,,,DU 8-4030,,Residential,,,high,listed by unit number,2002,Residential – multifamily
1960,2002,2002,,Apt 206,Carter Nellie M r,10,,,,,Y,,,,,DU 4-0935,,Residential,,,high,listed by unit number,2002,Residential – multifamily
1960,2002,2002,,Apt 300,Koonter Willard D,10,,,,,,,,,,DU 9-6329,,Residential,,,high,listed by unit number,2002,Residential – multifamily
1960,2002,2002,,Apt 305,Schuck Florence,10,,,,,,,,,,DU 9-6230,,Residential,,,high,listed by unit number,2002,Residential – multifamily
1960,2002,2002,,Apt 309,Waterman Ann,10,,,,,,,,,,DU 3-3814,,Residential,,,high,listed by unit number,2002,Residential – multifamily
1964,2002,2002,,#101,HERZSTEIN HERBERT,6,,,,,,,,,,DU2-3855,,Residential,,,high,listed by unit number,2002,Residential – multifamily
1964,2002,2002,,#106,WOOD KATHY,6,,,,,,,,,,388-1054,,Residential,,,high,listed by unit number,2002,Residential – multifamily
1964,2002,2002,,#200,CARAWAN RALPH,6,,,,,,,,,,383-6652,,Residential,,,high,listed by unit number,2002,Residential – multifamily
1964,2002,2002,,#209,JONES-GREENE M E,6,,,,,,,,,,387-7961,,Residential,,,high,listed by unit number,2002,Residential – multifamily
1964,2002,2002,,#304,HUGHES JOS,6,,,,,,,,,,388-1908,,Residential,,,high,listed by unit number,2002,Residential – multifamily
1964,2002,2002,,#312,RASK JOHN N,6,,,,,,,,,,382-5190,,Residential,,,high,listed by unit number,2002,Residential – multifamily
1965,2002,2002,,#101,HERZSTEIN HERBERT,3,,,,,,,,,,382-3855,,Residential,,,high,listed by unit number,2002,Residential – multifamily
1965,2002,2002,,#106,WOOD KATHY,3,,,,,,,,,,388-1054,,Residential,,,high,listed by unit number,2002,Residential – multifamily
1965,2002,2002,,#200,CARAWAN RALPH,3,,,,,,,,,,383-6652,,Residential,,,high,listed by unit number,2002,Residential – multifamily
1968,2002,2002,,#101,HERZSTEIN HERBERT,8,,,,,,,,,,382-3855,,Residential,,,high,listed by unit number,2002,Residential – multifamily
1968,2002,2002,,#106,WOOD KATHY,8,,,,,,,,,,388-1054,,Residential,,,high,listed by unit number,2002,Residential – multifamily
1968,2002,2002,,#107,RAYNA J,8,,,,,,,,,,383-4522,,Residential,,,high,listed by unit number,2002,Residential – multifamily
1968,2002,2002,,#200,CARAWAN RALPH,8,,,,,,,,,,383-6652,,Residential,,,high,listed by unit number,2002,Residential – multifamily
1968,2002,2002,,#201,BACA M,8,,,,,,,,,,384-2805,,Residential,,,high,listed by unit number,2002,Residential – multifamily
1968,2002,2002,,#202,HALL R D,8,,,,,,,,,,387-2496,,Residential,,,high,listed by unit number,2002,Residential – multifamily
1968,2002,2002,,#206,OLSON A M,8,,,,,,,,,,386-7446,,Residential,,,high,listed by unit number,2002,Residential – multifamily
1968,2002,2002,,#300,ALMUSTAFA E,8,,,,,,,,,,383-4468,,Residential,,,high,listed by unit number,2002,Residential – multifamily
1973,2002,2002,,#101,Herzstein Herbert,4,,,,,,,,,,484-9767,,Residential,,,high,listed by unit number,2002,Residential – multifamily
1973,2002,2002,,#204,Sanchez Olimpia,4,,,,,,,,,,484-9540,,Residential,,,high,listed by unit number,2002,Residential – multifamily
1973,2002,2002,,#205,Armas Lubia,4,,,,,,,,,,483-0163,,Residential,,,high,listed by unit number,2002,Residential – multifamily
1973,2002,2002,,#311,Villarruel Candido,4,,,,,,,,,,484-0779,,Residential,,,high,listed by unit number,2002,Residential – multifamily
1987,2002,2002,,#102,Gallegos Jose,4,N,,,,,,,,,484-9683,,Residential,,,high,listed by unit number,2002,Residential – multifamily
1987,2002,2002,,#105,Maria Jesus,4,N,,,,,,,,,413-9380,,Residential,,,high,listed by unit number,2002,Residential – multifamily
1987,2002,2002,,#201,Araiza Maria,4,N,,,,,,,,,413-8143,,Residential,,,high,listed by unit number,2002,Residential – multifamily
1987,2002,2002,,#208,Barajas Alberto,4,N,,,,,,,,,413-4293,,Residential,,,high,listed by unit number,2002,Residential – multifamily
1956,2005,2005,,,United States Government post office dept L A Post Office Substations Edendale Stn,1,,,,"dept,government,post office",,,,,,DU 7-3460,,Institutional,post office (Edendale Station),Institutional & civic,high,trade/name keyword,2005,Institutional
1960,2005,2005,,,United States Government post office dept L A Post Office Substations Edendale Stn,1,,,,"dept,government,post office",,,,,,DU 7-3460,,Institutional,post office (Edendale Station),Institutional & civic,high,trade/name keyword,2005,Institutional
1964,2005,2005,,,U S POST OFC,1,,,,post ofc,,,,,,DU7-3460,,Institutional,post office (Edendale Station),Institutional & civic,high,trade/name keyword,2005,Institutional
1965,2005,2005,,,U S GOVT,1,,,,govt,,,,,,387-2353,,Institutional,post office (Edendale Station),Institutional & civic,high,trade/name keyword,2005,Institutional
1968,2005,2005,,,US GOVT-POST OFFICE,1,,,,"govt,post office",,,,,,387-2353,,Institutional,post office (Edendale Station),Institutional & civic,high,trade/name keyword,2005,Institutional
1956,2011,2011,,,Gilson Moe Peerless Shade Co,5,,,Y,shade,,,,,,DU 7-5277,,Business,window blinds / shades,"Home furnishings, hardware & appliances",high,trade/name keyword,2011,Commercial
1956,2011,2011,,,Gilson's Venetian Blind Co,5,,,Y,blind,,,,,,DU 7-5277,,Business,window blinds / shades,"Home furnishings, hardware & appliances",high,trade/name keyword,2011,Commercial
1956,2011,2011,,,Peerless Hdwe & Shade Co Peerless Shade Co,5,,,Y,"hdwe,shade",,,,,,DU 7-5277,,Business,hardware / paint store,"Home furnishings, hardware & appliances",high,trade/name keyword,2011,Commercial
1956,2011,2011,,,Peerless Shade Co,5,,,Y,shade,,,,,,DU 7-5277,,Business,window blinds / shades,"Home furnishings, hardware & appliances",high,trade/name keyword,2011,Commercial
1956,2011,2011,,,Peerless Shade & Hdwe Co Peerless Shade Co,5,,,Y,"hdwe,shade",,,,,,DU 7-5277,,Business,hardware / paint store,"Home furnishings, hardware & appliances",high,trade/name keyword,2011,Commercial
1960,2011,2011,,,Peerless Hdwe & Shade Co,1,,,Y,"hdwe,shade",,,,,,DU 7-5277,,Business,hardware / paint store,"Home furnishings, hardware & appliances",high,trade/name keyword,2011,Commercial
1964,2011,2011,,,PEERLESS HARDWARE,1,,,,hardware,,,,,,DU7-5277,,Business,hardware / paint store,"Home furnishings, hardware & appliances",high,trade/name keyword,2011,Commercial
1965,2011,2011,,,PEERLESS HARDWARE,1,,,,hardware,,,,,,387-5277,,Business,hardware / paint store,"Home furnishings, hardware & appliances",high,trade/name keyword,2011,Commercial
1968,2011,2011,,,PEERLESS HARDWARE,1,,,,hardware,,,,,,387-5277,,Business,hardware / paint store,"Home furnishings, hardware & appliances",high,trade/name keyword,2011,Commercial
1973,2011,2011,,,Peerless Hardware & Shade Co,1,,,Y,"hardware,shade",,,,,,484-8077,,Business,hardware / paint store,"Home furnishings, hardware & appliances",high,trade/name keyword,2011,Commercial
1987,2011,2011,,,PEERLESS HARDWARE,1,Y,,,hardware,,,,,,484-8077,,Business,hardware / paint store,"Home furnishings, hardware & appliances",high,trade/name keyword,2011,Commercial
1906,2013,2013,,,Perrin C L carriages,1,,,,,,,,,,,,Business,carriage maker / dealer,Auto sales & service,high,'carriages',2013,Commercial
1956,2014,2014,,,Amorelli Anthony r,1,,,,,Y,,,,,DU 8-6703,,Residential,,,medium,bare name; this directory usually adds a trade for businesses; trailing 'r',2014,Residential – multifamily
1960,2014,2014,,,Amorelli Anthony r,1,,,,,Y,,,,,DU 8-6703,,Residential,,,medium,bare name; this directory usually adds a trade for businesses; trailing 'r',2014,Residential – single-family
1964,2014,2014,,,AMORELLI A,1,,,,,,,,,,388-4892,,Residential,,,medium,bare name; same surname listed as a resident here in another year,2014,Residential – multifamily
1965,2014,2014,,,AMORELLI A,1,,,,,,,,,,388-4892,,Residential,,,medium,bare name; same surname listed as a resident here in another year,2014,Residential – single-family
1968,2014,2014,,,AMORELLI A,1,,,,,,,,,,388-4892,,Residential,,,medium,bare name; same surname listed as a resident here in another year,2014,Residential – single-family
1973,2014,2014,,,Amorelli Anthony,1,,,,,,,,,,484-8168,,Residential,,,medium,"bare personal name, no business name",2014,Residential – single-family
1956,2014½,2014,Y,,Tieffer Frank,1,,,,,,,,,,DU 9-8559,,Residential,,,medium,bare name; this directory usually adds a trade for businesses,2014,Residential – multifamily
1964,2014½,2014,Y,,CLARKE MARY LOU,1,,,,,,,,,,382-7044,,Residential,,,low,1964-68 printouts often drop trades; bare name with no other evidence,2014,Residential – multifamily
1906,2015,2015,,,Perrin C L,1,,,,,,,,,,,,Residential,,,medium,bare name; this directory adds a trade for businesses,2015,Residential – single-family
1927,2015,2015,,,Echo Apts,2,,,,,,,,,,DR 2800,,Apartment building,,,high,building name or APARTMENT heading,2015,Residential – multifamily
1927,2015,2015,,#206,[unit phone only],2,,,,,,,,,Y,DR 2803,,Residential,,,medium,unit phone listed without a name,2015,Residential – multifamily
1956,2015,2015,,Apt B2,Murray Lily,4,,,,,,,,,,DU 3-6418,,Residential,,,high,listed by unit number,2015,Residential – multifamily
1956,2015,2015,,Apt 107,Perham John F,4,,,,,,,,,,DU 3-7359,,Residential,,,high,listed by unit number,2015,Residential – multifamily
1956,2015,2015,,Apt 204,Dalton David L,4,,,,,,,,,,DU 2-5094,,Residential,,,high,listed by unit number,2015,Residential – multifamily
1956,2015,2015,,Apt 207,Tomlinson Rose r,4,,,,,Y,,,,,DU 3-2551,,Residential,,,high,listed by unit number,2015,Residential – multifamily
1960,2015,2015,,Apt B2,Murray Lily,4,,,,,,,,,,DU 9-7353,,Residential,,,high,listed by unit number,2015,Residential – multifamily
1960,2015,2015,,Apt 102,Register Fred,4,,,,,,,,,,DU 4-3611,,Residential,,,high,listed by unit number,2015,Residential – multifamily
1960,2015,2015,,Apt 207,Tomlinson Rose r,4,,,,,Y,,,,,DU 3-2551,,Residential,,,high,listed by unit number,2015,Residential – multifamily
1960,2015,2015,,Apt 304,Morrow Fred,4,,,,,,,,,,DU 5-6700,,Residential,,,high,listed by unit number,2015,Residential – multifamily
1964,2015,2015,,,MARIAN APTS,1,,,,,,,,,,386-9838,,Apartment building,,,high,building name or APARTMENT heading,2015,Residential – multifamily
1965,2015,2015,,#106,GASELE R,2,,,,,,,,,,383-9166,,Residential,,,high,listed by unit number,2015,Residential – multifamily
1965,2015,2015,,,MARIAN APTS,2,,,,,,,,,,386-9838,,Apartment building,,,high,building name or APARTMENT heading,2015,Residential – multifamily
1968,2015,2015,,#105,NAVARRETE J,1,,,,,,,,,,385-1053,,Residential,,,high,listed by unit number,2015,Residential – multifamily
1906,2016,2016,,,Hannaford C N,2,,,,,,,,,,,,Residential,,,medium,bare name; this directory adds a trade for businesses,2016,Residential – multifamily
1906,2016,2016,,rear,Ulrich A U,2,,,,,,,,,,,,Residential,,,high,listed by unit number,2016,Residential – multifamily
1927,2016,2016,,,Dell Clara Conway,1,,,,,,,,,,DR 0995,first letter faint,Residential,,,medium,bare name; this directory adds a trade for businesses,2016,Residential – single-family
1956,2016,2016,,,Kenney Wayne M E,1,,,,,,,,,,DU 5-3734,,Residential,,,medium,bare name; this directory usually adds a trade for businesses,2016,Residential – single-family
1964,2016,2016,,,CHAVEZ J JR,1,,Jr,,,,,,,,DU3-0635,,Residential,,,low,1964-68 printouts often drop trades; bare name with no other evidence,2016,Residential – single-family
1965,2016,2016,,,COFFEY L,1,,,,,,,,,,387-5810,,Residential,,,low,1964-68 printouts often drop trades; bare name with no other evidence,2016,Residential – single-family
1968,2016,2016,,,COFFEY L,1,,,,,,,,,,387-5810,,Residential,,,low,1964-68 printouts often drop trades; bare name with no other evidence,2016,Residential – single-family
1973,2016,2016,,,Hubble Daryl,1,,,,,,,,,,483-2507,,Residential,,,medium,"bare personal name, no business name",2016,Residential – multifamily
1987,2016,2016,,,Gomez Amparo,1,N,,,,,,,,,484-2036,,Residential,,,high,1987 sets residents in mixed case,2016,Residential – single-family
1973,2016½,2016,Y,,Amorelli Ralph,1,,,,,,,,,,484-9183,,Residential,,,medium,"bare personal name, no business name",2016,Residential – multifamily
1927,2018,2018,,,Spencer D C,1,,,,,,,,,,DR 1094,,Residential,,,medium,bare name; this directory adds a trade for businesses,2018,Residential – single-family
1906,2022,2022,,,Rhodin August,1,,,,,,,,,,,,Residential,,,medium,bare name; this directory adds a trade for businesses,2022,Residential – single-family
1927,2022,2022,,,McNeill Geo D,1,,,,,,,,,,FI 3560,,Residential,,,medium,bare name; this directory adds a trade for businesses,2022,Residential – single-family
1960,2022,2022,,,Armstrong Evelyn,1,,,,,,,,,,DU 7-6422,,Residential,,,medium,bare name; this directory usually adds a trade for businesses,2022,Residential – multifamily
1964,2022,2022,,,BICKERDIKE VALLIE,1,,,,,,,,,,387-6294,,Residential,,,low,1964-68 printouts often drop trades; bare name with no other evidence,2022,Residential – multifamily
1965,2022,2022,,,BICKERDIKE VALLIE,1,,,,,,,,,,387-6294,,Residential,,,low,1964-68 printouts often drop trades; bare name with no other evidence,2022,Residential – single-family
1956,2022½,2022,Y,,Albistegui Jose C,1,,,,,,,,,,DU 8-4915,,Residential,,,medium,bare name; this directory usually adds a trade for businesses,2022,Residential – single-family
1960,2022½,2022,Y,,Albistegui Jose C,1,,,,,,,,,,DU 9-7747,,Residential,,,medium,bare name; this directory usually adds a trade for businesses,2022,Residential – multifamily
1964,2022½,2022,Y,,ALBISTEQUI JOSE,1,,,,,,,,,,DU9-7747,,Residential,,,low,1964-68 printouts often drop trades; bare name with no other evidence,2022,Residential – multifamily
1973,2022½,2022,Y,,Sanchez Jesus,1,,,,,,,,,,483-4914,,Residential,,,medium,"bare personal name, no business name",2022,Residential – single-family
1956,2023,2023,,,Simon E H ins agcy,3,,,,ins,,,,,,DU 8-6237,,Business,insurance agency,"Finance, insurance & real estate",high,trade/name keyword,2023,Commercial
1956,2023,2023,,,Simon E H pub acct,3,,,,"acct,pub",,,,,,DU 8-6237,,Business,accountant,Professional & business services,high,trade/name keyword,2023,Commercial
1956,2023,2023,,,Simon Ins Agcy,3,,,Y,ins,,,,,,DU 8-6237,,Business,insurance agency,"Finance, insurance & real estate",high,trade/name keyword,2023,Commercial
1960,2023,2023,,,Simon E H,4,,,,,,,,,,DU 8-0321,,Business,insurance agency / accountant,"Finance, insurance & real estate",high,"listed with Simon Ins Agcy and pub acct, same phone",2023,Commercial
1960,2023,2023,,,Simon E H ins agcy,4,,,,ins,,,,,,DU 8-6237,,Business,insurance agency,"Finance, insurance & real estate",high,trade/name keyword,2023,Commercial
1960,2023,2023,,,Simon E H pub acct,4,,,,"acct,pub",,,,,,DU 8-6237,,Business,accountant,Professional & business services,high,trade/name keyword,2023,Commercial
1960,2023,2023,,,Simon Ins Agcy,4,,,Y,ins,,,,,,DU 8-6237,,Business,insurance agency,"Finance, insurance & real estate",high,trade/name keyword,2023,Commercial
1964,2023,2023,,,SIMON E H,1,,,,,,,,,,DU8-6237,,Business,insurance agency / accountant,"Finance, insurance & real estate",high,"1956-60 Simon ins agcy / pub acct, same phone",2023,Commercial
1965,2023,2023,,,SIMON E H,1,,,,,,,,,,388-6237,,Business,insurance agency / accountant,"Finance, insurance & real estate",high,"1956-60 Simon ins agcy / pub acct, same phone",2023,Commercial
1968,2023,2023,,,GLYNN-BOXER-CPAS,1,,CPA,,cpa,,,,,,388-7191,,Business,accountant,Professional & business services,high,trade/name keyword,2023,Commercial
1927,2025,2025,,,Safeway Stores,1,,,,store,,,,,,DR 6609,,Business,grocery / market,Food stores,high,Safeway grocery chain,2025,Commercial
1956,2025,2025,,,Empire Creditors Serv,2,,,,credit,,,,,,DU 8-3497,,Business,collection agency,Professional & business services,high,trade/name keyword,2025,Commercial
1956,2025,2025,,,Gaffaney Leo F Empire Creditors Serv,2,,,,credit,,,,,,DU 8-3497,,Business,collection agency,Professional & business services,high,trade/name keyword,2025,Commercial
1960,2025,2025,,,Empire Creditors Serv Corp,2,,,Y,credit,,,,,,DU 5-8163,,Business,collection agency,Professional & business services,high,trade/name keyword,2025,Commercial
1960,2025,2025,,,Gaffaney Leo F Empire Creditors Serv Corp,2,,,Y,credit,,,,,,DU 5-8163,,Business,collection agency,Professional & business services,high,trade/name keyword,2025,Commercial
1964,2025,2025,,,EMPIRE CREDITORS,1,,,,credit,,,,,,DU5-8163,,Business,collection agency,Professional & business services,high,truncated 'Empire Creditors Serv',2025,Commercial
1965,2025,2025,,,EMPIRE CREDITORS,1,,,,credit,,,,,,385-8163,,Business,collection agency,Professional & business services,high,truncated 'Empire Creditors Serv',2025,Commercial
1968,2025,2025,,,EMPIRE CREDITORS,1,,,,credit,,,,,,385-8163,,Business,collection agency,Professional & business services,high,truncated 'Empire Creditors Serv',2025,Commercial
1906,2028,2028,,,Vacant,1,,,,,,,Y,,,,,Vacant,,,high,printed 'Vacant',2028,Vacant
1927,2028,2028,,,Harshman Florence,1,,,,,,,,,,DR 0686,,Residential,,,medium,bare name; this directory adds a trade for businesses,2028,Residential – single-family
1964,2028,2028,,,RUSHTON L E,1,,,,,,,,,,DU6-1339,,Residential,,,low,1964-68 printouts often drop trades; bare name with no other evidence,2028,Residential – single-family
1956,2029,2029,,,Kulka Elec Mfg Co,2,,,Y,mfg,,,,,,DU 4-8181,,Business,electrical contractor / manufacturer,"Light industrial, trades & wholesale",high,trade/name keyword,2029,Commercial
1956,2029,2029,,,Smith Jos M Co mfrs agts,2,,,Y,mfrs,,,,,,DU 4-8181,,Business,manufacturing / manufacturers' agent,"Light industrial, trades & wholesale",high,trade/name keyword,2029,Commercial
1960,2029,2029,,,Aquafilter Westrn,5,,,,,,,,,,DU 4-8181,,Business,water filter company,Unidentified business,low,name only,2029,Commercial
1960,2029,2029,,,Holmes Louis A,5,,,,,,,,,,DU 3-7371,,Business,insurance agency,"Finance, insurance & real estate",medium,same phone as 'Westrn Travelers Ins',2029,Commercial
1960,2029,2029,,,Kulka Elec Mfg Co,5,,,Y,mfg,,,,,,DU 4-8181,,Business,electrical contractor / manufacturer,"Light industrial, trades & wholesale",high,trade/name keyword,2029,Commercial
1960,2029,2029,,,Smith Jos M Co Inc mfrs agts,5,,,Y,mfrs,,,,,,DU 4-8181,,Business,manufacturing / manufacturers' agent,"Light industrial, trades & wholesale",high,trade/name keyword,2029,Commercial
1960,2029,2029,,,Westrn Travelers Ins,5,,,,"ins,travel",,,,,,DU 3-7371,,Business,insurance agency,"Finance, insurance & real estate",high,trade/name keyword,2029,Commercial
1964,2029,2029,,,NAGAO EDDIE E RL EST,1,,,,rl est,,,,,,DU8-0694,,Business,real estate / property,"Finance, insurance & real estate",high,trade/name keyword,2029,Commercial
1965,2029,2029,,,NAGAO EDDIE E RL EST,1,,,,rl est,,,,,,388-0694,,Business,real estate / property,"Finance, insurance & real estate",high,trade/name keyword,2029,Commercial
1968,2029,2029,,,NAGAO EDDIE E RL EST,1,,,,rl est,,,,,,388-0694,,Business,real estate / property,"Finance, insurance & real estate",high,trade/name keyword,2029,Commercial
1927,2034,2034,,,Hernandez Mary C Mrs,1,,Mrs,,,,,,,,DR 1142,,Residential,,,medium,bare name; this directory adds a trade for businesses,2034,Residential – single-family
1956,2034,2034,,,Jensen Arthur A rl est,1,,,,rl est,,,,,,DU 7-5767,,Business,real estate / property,"Finance, insurance & real estate",high,trade/name keyword,2034,Commercial
1964,2034,2034,,,L-B USED TV,1,,,,tv,,,,,,DU6-0415,,Business,TV / radio sales & repair,"Home furnishings, hardware & appliances",high,trade/name keyword,2034,Commercial
1956,2035,2035,,,California Bank L A Branch Ofcs Sunset & Alvarado Ofc,1,,,Y,bank,,,,,,DU 7-3186,,Business,bank / savings & loan branch,"Finance, insurance & real estate",high,trade/name keyword,2035,Commercial
1960,2035,2035,,,California Bank L A Branch Ofcs Sunset & Alvarado Ofc,1,,,Y,bank,,,,,,DU 7-3186,,Business,bank / savings & loan branch,"Finance, insurance & real estate",high,trade/name keyword,2035,Commercial
1964,2035,2035,,,UNITED CALIF BANK,1,,,,bank,,,,,,DU7-3186,,Business,bank / savings & loan branch,"Finance, insurance & real estate",high,trade/name keyword,2035,Commercial
1973,2035,2035,,,Standard Oil Company Of California Western,2,,,Y,oil,,,,,,483-9226,,Business,gas / service station,Auto sales & service,high,trade/name keyword,2035,Commercial
1973,2035,2035,,,Caceres Victor M,2,,,,,,,,,,484-8608,,Business,gas / service station,Auto sales & service,medium,1987 'CACERES VICTOR CHEVRON SERVICE'; Standard Oil at same address 1973,2035,Commercial
1987,2035,2035,,,CACERES VICTOR CHEVRON SERVICE,1,Y,,,chevron,,,,,,484-8608,,Business,gas / service station,Auto sales & service,high,trade/name keyword,2035,Commercial
1968,2040,2040,,,SUNSET-EAST CAR WASH,2,,,,car wash,,,,,,386-2805,,Business,car wash,Auto sales & service,high,trade/name keyword,2040,Commercial
1968,2040,2040,,,SWANK FRANK THE,2,,,,,,,,,,386-0967,,Business,food stand (likely),Restaurants & bars,low,name only ('frank' suggests hot dogs),2040,Commercial
1973,2040,2040,,,Corina's Taco House No 2,2,,,Y,taco,,,,,,483-9100,,Business,restaurant / cafe,Restaurants & bars,high,trade/name keyword,2040,Commercial
1973,2040,2040,,,Sunset-East Car Wash,2,,,,car wash,,,,,,484-0821,,Business,car wash,Auto sales & service,high,trade/name keyword,2040,Commercial
1987,2040,2040,,,SUNSET-EAST CAR WASH,1,Y,,,car wash,,,,,,484-0821,,Business,car wash,Auto sales & service,high,trade/name keyword,2040,Commercial
1927,2100,2100,,,Drakes Drugs,1,,,,drug,,,,,,DR 4937,,Business,pharmacy / drugstore,Health & medical,high,trade/name keyword,2100,Commercial
1956,2100,2100,,,Emerald Drugs,1,,,,drug,,,,,,DU 3-3083,,Business,pharmacy / drugstore,Health & medical,high,trade/name keyword,2100,Commercial
1960,2100,2100,,,Emerald Drugs,1,,,,drug,,,,,,DU 3-3083,,Business,pharmacy / drugstore,Health & medical,high,trade/name keyword,2100,Commercial
1964,2100,2100,,,PIZZA BOZZA,1,,,,pizza,,,,,,DU3-0433,,Business,pizzeria,Restaurants & bars,high,trade/name keyword,2100,Commercial
1965,2100,2100,,,PIZZA BOZZA,1,,,,pizza,,,,,,383-0433,,Business,pizzeria,Restaurants & bars,high,trade/name keyword,2100,Commercial
1968,2100,2100,,,PIZZA BOZZA,1,,,,pizza,,,,,,383-0433,,Business,pizzeria,Restaurants & bars,high,trade/name keyword,2100,Commercial
1973,2100,2100,,,Pizza Bozza,1,,,,pizza,,,,,,383-0433,,Business,pizzeria,Restaurants & bars,high,trade/name keyword,2100,Commercial
1987,2100,2100,,,PIZZA BOZZA & DELI,1,Y,,Y,"deli,pizza",,,,,,413-0800,,Business,pizzeria,Restaurants & bars,high,trade/name keyword,2100,Commercial
